"Security Code","Security Name","Group","LTP","Chg","% Chg"
521097,"AMARJOTHI","X",187.5,31.25,20
530789,"CEEJAY","X",105.9,17.65,20
543235,"ANGELBRKG","B",1274.45,212.4,20
514030,"DEEPAKSP","X",259.65,43.25,19.99
530643,"ECORECO","X",81.35,13.55,19.99
531688,"PRITHVIEXCH","X",27.4,4.55,19.91
541053,"EIS","M",1379,228.8,19.89
532372,"VIRINCHI","X",77.2,12.55,19.5
539518,"UDAYJEW","X",145.35,22.25,18.37
532782,"SUTLEJTEX","B",77.3,10.55,16.37
531082,"ALANKIT","B",22.6,2.85,15.12
514036,"LOYALTEX","X",859.7,106.05,14.69
532528,"DATAMATICS","B",261.2,31.65,14.45
531297,"ARTEFACT","X",43.95,5.45,14.42
532764,"GEECEE","B",188.6,22.1,13.53
504000,"ELPROINTL","X",68.8,7.65,13.34
532175,"CYIENT","A",1091.4,114.25,12.06
533284,"RPPINFRA","B",93.2,9.3,11.97
532809,"FSL","A",235.9,24.4,11.89
542865,"ANUROOP","M",11.5,1.15,11.5
540725,"SHAREINDIA","B",548,53.45,11
540192,"LKPSEC","X",15.74,1.51,10.99
533982,"TERASOFT","B",84.9,7.75,10.88
500078,"OAL","B",1017.9,90.7,10.38
532892,"MOTILALOFS","A",1179,105.25,10.31
503349,"VICTMILL","X",3355.2,305,10
507779,"KANPRPLA","B",280,25.45,10
511034,"JINDRILL","B",135.9,12.35,10
532989,"BAFNAPHARM","B",164.45,14.95,10
542845,"NIEHSPJ","B",8.7,0.79,9.99
506852,"PACL","X",90.45,8.2,9.97
531273,"RADHEDE","X",12.58,1.14,9.97
539252,"SCFL","B",15.44,1.4,9.97
503101,"MARATHON","B",87.2,7.9,9.96
522029,"WINDMACHIN","B",35.4,3.2,9.94
542804,"NIESSPJ","B",46.5,4.2,9.93
543186,"11DPD","B",5.98,0.54,9.93
543176,"11MPR","B",4.55,0.41,9.9
543173,"11DPR","B",5,0.45,9.89
532698,"NITINSPIN","B",183.8,16.15,9.83
530825,"DAIKAFFI","X",38.75,3.45,9.79
522152,"SOLIMAC","X",45.5,4.05,9.78
542046,"VIVIDM","M",28.25,2.5,9.71
526747,"PGFOILQ","X",179.5,15.8,9.68
511505,"CAPITALT","B",116.8,10.25,9.65
542460,"ANUP","B",984.8,84.4,9.53
531861,"JOINDRE","X",30.55,2.6,9.35
542839,"NIEHSPD","B",1.29,0.11,9.32
542837,"NIESSPE","B",3.31,0.28,9.3
511501,"BHARAT","X",26,2.1,9.17
504605,"UNIABEXAL","X",690,56.05,9.11
530655,"GOODLUCK","B",177.5,14.7,9.11
532212,"ARCHIES","B",24.3,1.9,9.05
532305,"INDSWFTLAB","B",116.4,9.55,9.05
539268,"SYNGENE","A",699.95,54.6,8.9
531637,"PRAVEG","X",108.5,8.15,8.87
532285,"GEOJITFSL","B",102.65,7.8,8.75
514175,"VARDMNPOLY","B",24.25,1.9,8.62
512381,"STARTECK","X",123.55,9.6,8.54
520056,"SUNCLAYLTD","A",4244.95,304.85,8.47
516110,"SCANDENT","X",24.3,1.85,8.37
533761,"GPTINFRA","B",107.75,7.85,8.36
514322,"KAMADGIRI","X",60,4.25,8.25
523329,"ELDEHSG","X",3260,236.1,8.2
524324,"SEYAIND","B",70.7,5.25,8.12
533427,"VMS","X",18.09,1.32,8.02
542848,"NIESSPM","B",13.6,1.01,8.02
534691,"COMCL","X",10,0.74,8
512018,"CNIRESLTD","X",2.06,0.15,7.98
523269,"ADVANIHOTR","B",73.35,5.3,7.95
532869,"TARMAT","B",85.4,5.75,7.95
533285,"RDBRIL","X",34,2.45,7.92
522229,"TANAA","X",47.2,3.4,7.9
523116,"SANCTRN","X",403.5,28.65,7.81
511605,"ARIHCAPM","B",189,12.6,7.8
532822,"IDEA","A",9.64,0.68,7.75
514043,"HIMATSEIDE","A",248.55,17.6,7.72
543263,"SMCGLOBAL","B",102.5,7.15,7.71
500267,"MAJESAUT","X",168.4,11.9,7.69
533336,"DHUNINV","B",670,47.05,7.66
590073,"WHEELS","B",748.8,52.85,7.62
518091,"APCL","B",438,30.4,7.6
542772,"IIFLWAM","A",1444,97.55,7.6
509438,"BENARAS","X",1799.45,124.05,7.58
542333,"RPSGVENT","A",645,45.05,7.58
532053,"WALLFORT","X",57.95,3.9,7.36
517271,"HBLPOWER","B",54.8,3.7,7.35
530315,"HINDTIN","X",108.35,7.25,7.3
539814,"LELAVOIR","X",53.3,3.5,7.22
541301,"ORIENTELEC","A",335.9,22.45,7.22
526596,"LIBERTSHOE","B",186.05,12.15,7.16
523367,"DCMSHRIRAM","A",1049,67.45,7.14
526409,"KKALPANAIND","X",49.5,3.1,7.01
532300,"WOCKPHARMA","A",576,37.45,7
542830,"IRCTC","A",2458,158.05,6.97
513097,"SHBCLQ","B",128.3,8.25,6.91
500074,"BPL","B",42.65,2.7,6.9
504067,"ZENSARTECH","A",383.9,24.3,6.89
513269,"MANINDS","B",121.45,7.55,6.84
523550,"KRYPTONQ","X",19.9,1.2,6.78
526397,"ALPHAGEO","B",330,20.45,6.72
513532,"PRADPME","X",63.75,3.9,6.71
533506,"INVENTURE","B",3.85,0.23,6.48
540084,"SPICY","M",3.95,0.24,6.47
502986,"VTL","A",1737.6,103.55,6.44
540212,"TCIEXP","A",1634,95.3,6.41
505700,"ELECON","B",143.95,8.5,6.39
539353,"SALAUTO","X",220,12.95,6.39
532796,"LUMAXTECH","B",172,10.1,6.28
524330,"JAYAGROGN","B",244.25,14.25,6.22
533260,"CAREERP","B",152.1,8.7,6.22
531201,"SHILCTECH","X",217.5,12.55,6.21
500264,"MAFATIND","X",192,11,6.18
530697,"ZENLABS","X",46.7,2.4,6.16
541095,"ABSLRIF6DD","B",10.02,0.55,6.03
523708,"EIMCOELECO","B",517.35,28.3,6.02
506105,"STANROS","X",110,6.05,5.93
540824,"ASTRON","B",74.4,3.95,5.85
543245,"GLAND","B",3998.3,216.3,5.78
540048,"SPAL","B",330,16.55,5.72
500333,"PIXTRANS","X",740,38.25,5.71
505250,"GGDANDE","X",58.4,3,5.71
532616,"XCHANGING","B",98.95,5.2,5.7
523537,"APMIN","X",35.6,1.9,5.66
526729,"GOLDIAM","B",604.3,31.65,5.65
517562,"TRIGYN","B",152.5,7.95,5.64
540767,"NAM-INDIA","A",439,22.35,5.64
504918,"SANDUMA","X",2095,109.95,5.62
514165,"INDIANACRY","X",20.23,1.05,5.61
532756,"MAHINDCIE","A",253.5,13.3,5.61
530589,"PRIMAPLA","X",165.75,8.4,5.59
531234,"VICTORYPP","X",115,5.9,5.57
533303,"BFINVEST","A",422.5,21.75,5.54
532745,"INDICAP","X",54.5,2.75,5.51
522217,"GUJAPOLLO","B",244.4,12.35,5.49
540497,"SCHAND","B",142,7.3,5.48
505872,"WPIL","X",1121.55,55.95,5.45
542773,"IIFLSEC","A",125.7,6.2,5.45
532915,"RELIGARE","A",151.8,7.6,5.44
512529,"SEQUENT","A",307,15.4,5.35
541179,"ISEC","A",802.05,38.8,5.34
505590,"SVPGLOB","B",113,5.45,5.25
514428,"HINDADH","X",304,14.5,5.25
521018,"MARALOVER","B",59,2.9,5.24
542847,"NIESSPL","B",2.72,0.13,5.24
533169,"MANINFRA","B",60.85,3,5.21
532234,"NATIONALUM","A",88.7,4.35,5.18
541742,"TVF2D","B",13,0.64,5.18
513369,"RJKMRFR","X",67.9,3.2,5.12
542843,"NIEHSPG","B",6.6,0.31,5.12
526849,"BANARBEADS","B",80,3.5,5.07
500143,"PHCAP","X",53.55,2.55,5
500240,"KINETICENG","XT",64.05,3.05,5
501295,"IITL","B",72.5,3.45,5
501421,"TECHNVISN","XT",189,9,5
502901,"JAMSHRI","XT",4488.05,213.55,5
503127,"RAJABAH","XT",10161.35,483.85,5
504176,"HIGHENE","X",2289.2,109,5
506605,"POLYCHEM","X",671.4,31.95,5
508905,"SMIFS","X",42,2,5
509026,"VJTFEDU","XT",60.9,2.9,5
511355,"INDCEMCAP","XT",7.14,0.34,5
513043,"REMIEDEL","X",30.45,1.45,5
513507,"GUJCONT","P",35.7,1.7,5
517356,"ACIIN","XT",0.84,0.04,5
517370,"INCAP","XT",24.15,1.15,5
521054,"KAKTEX","XT",1.47,0.07,5
521133,"GEMSPIN","P",1.89,0.09,5
521200,"SURYALAXMI","T",67.25,3.2,5
521228,"TATIAGLOB","XT",1.26,0.06,5
521240,"SAMBANDAM","XT",229.95,10.95,5
523054,"ZBINTXPP","XT",775.55,36.9,5
523100,"COSMOFE","X",49.35,2.35,5
523419,"TNTELE","T",11.35,0.54,5
524342,"INDOBORAX","X",1642.35,78.2,5
526081,"SCAGRO","XT",7.14,0.34,5
526473,"ELEFLOR","XT",3.99,0.19,5
526506,"SYSTMTXC","X",252,12,5
526839,"SIPL","X",11.55,0.55,5
526981,"SHBAJRG","X",329.75,15.7,5
530177,"SPSINT","X",5.46,0.26,5
530201,"KALLAM","X",21.63,1.03,5
530265,"SAINIK","X",19.95,0.95,5
530421,"KUWERIN","XT",6.93,0.33,5
530585,"SWASTIKA","X",152.35,7.25,5
531069,"VIJSOLX","XT",3342.9,159.15,5
531360,"GOLECHA","X",8.4,0.4,5
531412,"RADIXIND","XT",39.9,1.9,5
531449,"GRMOVER","XT",820.55,39.05,5
531930,"SARTHAKIND","X",62,2.95,5
532378,"UNIVARTS","X",1.26,0.06,5
532425,"GENUSPRIME","XT",5.88,0.28,5
532470,"MPFSL","XT",7.98,0.38,5
532859,"HGS","T",3116.65,148.4,5
532957,"GOKAKTEX","XT",28.35,1.35,5
533018,"SIMPLXMIL","X",22.05,1.05,5
534338,"MAXHEIGHTS","X",14.7,0.7,5
534732,"INTELLADV","XT",4.2,0.2,5
538395,"NAM","X",32.55,1.55,5
538540,"RLFL","XT",0.42,0.02,5
538611,"RTFL","X",11.34,0.54,5
538714,"SUCHITRA","X",72.45,3.45,5
538890,"MKEXIM","X",65.1,3.1,5
538952,"ALFL","XT",1.05,0.05,5
539012,"MEGRISOFT","XT",57.75,2.75,5
539177,"AIIL","XT",1139.75,54.25,5
539854,"HALDER","X",326.55,15.55,5
539884,"DARSHANORNA","T",39.9,1.9,5
540135,"ARCFIN","X",7.35,0.35,5
540205,"AVL","B",1008.45,48,5
540776,"5PAISA","B",552.45,26.3,5
542905,"SHIL","T",391.95,18.65,5
543284,"EKI","M",1016.65,48.4,5
543297,"IWEL","T",576.9,27.45,5
590005,"TIDEWATER","T",15863.25,755.35,5
590013,"XPROINDIA","T",254.25,12.1,5
500206,"MARGOFIN","X",17.26,0.82,4.99
500296,"NAHARSPING","T",307.45,14.6,4.99
501477,"MULLER","XT",170.5,8.1,4.99
504648,"BOMBWIR","XT",6.31,0.3,4.99
507813,"NOL","X",49.4,2.35,4.99
508956,"HBLEAS","XT",3.58,0.17,4.99
509945,"THACKER","XT",321.75,15.3,4.99
513173,"STLSTRINF","XT",14.94,0.71,4.99
514113,"ADINATH","XT",9.04,0.43,4.99
514128,"KONARKSY","XT",11.58,0.55,4.99
514138,"SURYALA","X",350.3,16.65,4.99
516003,"DUROPLY","X",108.35,5.15,4.99
517536,"ONWARDTEC","T",257.95,12.25,4.99
521222,"SANBLUE","X",18.11,0.86,4.99
522091,"UVDRHOR","X",48.35,2.3,4.99
523186,"BAPACK","XT",151.6,7.2,4.99
524458,"INDOEURO","XT",15.35,0.73,4.99
524606,"BERLDRG","XT",9.88,0.47,4.99
526654,"THAKDEV","X",77.8,3.7,4.99
531337,"JUMPNET","B",10.52,0.5,4.99
532011,"POOJAENT","XT",136.8,6.5,4.99
532761,"HOVS","B",67.3,3.2,4.99
532780,"PARSVNATH","B",15.35,0.73,4.99
532896,"MAGNUM","T",10.74,0.51,4.99
533262,"RAMKY","T",190.4,9.05,4.99
534612,"AMTL","X",14.52,0.69,4.99
538970,"WARDINMOBI","XT",76.8,3.65,4.99
539013,"GITARENEW","XT",131.55,6.25,4.99
542667,"WORL","B",201.95,9.6,4.99
500239,"KGDENIM","XT",51.65,2.45,4.98
500337,"PRIMESECU","B",89.65,4.25,4.98
501848,"GLOBOFFS","X",18.77,0.89,4.98
503092,"PASUSPG","XT",19.38,0.92,4.98
504882,"NATIONSTD","XT",1019,48.3,4.98
506184,"KANANIIND","T",11.18,0.53,4.98
506525,"KANORICHEM","B",162.2,7.7,4.98
507609,"OLYOI","XT",55.9,2.65,4.98
509546,"GRAVISSHO","X",17.06,0.81,4.98
514266,"ZENIFIB","XT",61.15,2.9,4.98
516092,"3PLAND","B",16.44,0.78,4.98
517344,"MINDTECK","B",91.65,4.35,4.98
521180,"SUPERSPIN","T",11.81,0.56,4.98
524818,"DYNAMIND","XT",93.75,4.45,4.98
526025,"GLOBUSCON","X",11.59,0.55,4.98
526761,"HOWARHO","XT",6.95,0.33,4.98
530167,"MONGIPA","XT",15.39,0.73,4.98
530601,"JAGSONFI","XT",2.95,0.14,4.98
530925,"RAMSONS","XT",13.69,0.65,4.98
531310,"AVAILFC","X",68.45,3.25,4.98
531494,"NAVBLDR","XT",29.5,1.4,4.98
531582,"BERYLSE","XT",9.06,0.43,4.98
531819,"NUWAY","XT",8.44,0.4,4.98
532723,"MPDL","XT",10.12,0.48,4.98
533108,"BTTL","X",15.61,0.74,4.98
533317,"OMKARCHEM","B",10.32,0.49,4.98
536565,"TRIMURTHI","XT",8.64,0.41,4.98
539409,"NEERAJ","XT",14.33,0.68,4.98
540204,"NIDL","XT",81.15,3.85,4.98
540694,"ANG","M",203.55,9.65,4.98
540782,"SBRANDS","M",7.59,0.36,4.98
540874,"7SEASL","XT",16.66,0.79,4.98
500016,"ARUNAHTEL","XT",23.65,1.12,4.97
500426,"UTLINDS","X",10.34,0.49,4.97
502448,"ROLLT","B",3.38,0.16,4.97
507180,"KESARENT","X",140.4,6.65,4.97
509069,"INFOMEDIA","B",4.65,0.22,4.97
511730,"TRCFIN","X",12.24,0.58,4.97
511768,"MASTERTR","X",145.8,6.9,4.97
512103,"NIDHGRN","X",68.65,3.25,4.97
512197,"SILVERO","Z",3.59,0.17,4.97
512297,"SHANTAI","X",25.35,1.2,4.97
514034,"JBFIND","T",36.95,1.75,4.97
514330,"ONEGLOBAL","X",18.38,0.87,4.97
517300,"GIPCL","A",92.2,4.3,4.97
517522,"RAJGLOWIR","T",1741.65,82.45,4.97
524614,"INDXTRA","XT",24.08,1.14,4.97
524661,"WELCURE","X",4.86,0.23,4.97
526133,"SUPERTEX","X",8.66,0.41,4.97
526367,"GANESHHOUC","T",130.9,6.2,4.97
526687,"POLOHOT","Z",5.49,0.26,4.97
526853,"BI","X",98.15,4.65,4.97
526961,"TRANSFIN","XT",16.9,0.8,4.97
530171,"DAULAT","XT",9.71,0.46,4.97
531334,"VIKALPS","XT",7.6,0.36,4.97
531338,"MILESTONE","X",10.98,0.52,4.97
531444,"VARDHMAN","XT",10.34,0.49,4.97
531661,"HITTCO","XT",4.01,0.19,4.97
532035,"UNISTRMU","XT",8.87,0.42,4.97
532641,"NDL","T",63.35,3,4.97
532674,"BASML","T",85.5,4.05,4.97
532907,"IL&FSENGG","Z",6.13,0.29,4.97
533676,"INDOTHAI","T",62.35,2.95,4.97
533941,"THOMASCOTT","T",11.19,0.53,4.97
534597,"RTNINDIA","T",52.8,2.5,4.97
538610,"UNISON","XT",46.45,2.2,4.97
539042,"AGIIL","B",124.5,5.9,4.97
540023,"COLORCHIPS","XT",57,2.7,4.97
540403,"CLEDUCATE","B",140.4,6.65,4.97
541303,"AKSHAR","M",12.88,0.61,4.97
504008,"EMCO","Z",2.54,0.12,4.96
513460,"MAHALXSE","Z",5.93,0.28,4.96
513472,"SIMPLEXCAS","XT",50.8,2.4,4.96
519136,"NAHARINDUS","B",108,5.1,4.96
519477,"CIANAGRO","XT",47.6,2.25,4.96
530053,"REALECO","XT",13.11,0.62,4.96
530249,"BRIDGESE","XT",16.71,0.79,4.96
530309,"CHANDRAP","X",88.8,4.2,4.96
531158,"CATVISION","XT",12.06,0.57,4.96
531268,"B2BSOFT","XT",47.6,2.25,4.96
531460,"CONTICON","XT",4.44,0.21,4.96
531503,"MARIS","XT",67.7,3.2,4.96
532410,"TRANSCOR","XT",16.93,0.8,4.96
532441,"RAINBOWDQ","XT",2.96,0.14,4.96
532467,"HAZOOR","XT",17.58,0.83,4.96
532604,"SALSTEEL","T",11,0.52,4.96
535621,"SVGLOBAL","XT",64.6,3.05,4.96
537392,"TAAZAINT","X",4.02,0.19,4.96
537820,"VFL","T",1.48,0.07,4.96
538920,"SPACEAGE","XT",70.95,3.35,4.96
541006,"ANGEL","M",22.86,1.08,4.96
543298,"VINEETLAB","B",102.55,4.85,4.96
590057,"PROSEED","B",11.84,0.56,4.96
500284,"LORDSCHLO","X",51.95,2.45,4.95
509048,"LANCORHOL","X",8.9,0.42,4.95
509449,"BHAGWOX","XT",30.75,1.45,4.95
511577,"SAVFI","XT",9.97,0.47,4.95
512425,"NIRAVCOM","X",605.25,28.55,4.95
512477,"BETXIND","X",82.75,3.9,4.95
514211,"SUMEETINDS","T",12.3,0.58,4.95
517399,"VXLINSTR","XT",7.64,0.36,4.95
519331,"VSFPROJ","XT",9.97,0.47,4.95
520121,"ARCEEIN","X",11.02,0.52,4.95
521014,"EUROTEXIND","T",11.02,0.52,4.95
521242,"KANDAGIRI","X",14.64,0.69,4.95
524031,"PATIDAR","X",4.45,0.21,4.95
526231,"STDSFAC","XT",63.6,3,4.95
526235,"MERCATOR","T",2.97,0.14,4.95
526604,"LIPPISYS","XT",13.36,0.63,4.95
531153,"DILIGENT","XT",9.97,0.47,4.95
531994,"AUTOPINS","X",85.95,4.05,4.95
532368,"BCG","B",40.25,1.9,4.95
532444,"TSPIRITUAL","XT",1.06,0.05,4.95
532629,"MBECL","T",12.51,0.59,4.95
533122,"RTNPOWER","T",7.63,0.36,4.95
534422,"LOOKS","XT",14.83,0.7,4.95
537326,"CHEMTECH","T",11.46,0.54,4.95
538923,"SOFCOM","XT",18.86,0.89,4.95
539304,"CANOPYFIN","XT",31.8,1.5,4.95
500306,"JAYKAY","X",44.6,2.1,4.94
504378,"NYSSACORP","XT",7.01,0.33,4.94
506858,"GUJPETR","XT",64.8,3.05,4.94
508922,"MSRINDIA","XT",13.18,0.62,4.94
511654,"SUGALDAM","X",8.92,0.42,4.94
513693,"KAJARIR","X",63.7,3,4.94
514274,"AARVEEDEN","T",24.45,1.15,4.94
514470,"WINSOMTX","T",62.65,2.95,4.94
519031,"SHAHFOOD","X",25.5,1.2,4.94
523710,"SAYAJIHOTL","XT",243.25,11.45,4.94
524592,"JDORGOCHEM","X",4.67,0.22,4.94
527005,"SHREEPAC","X",14.87,0.7,4.94
530185,"SURATEX","X",11.25,0.53,4.94
530207,"BRAWN","XT",24.45,1.15,4.94
531616,"STARCOM","XT",246.4,11.6,4.94
531813,"GANGAPA","XT",75.4,3.55,4.94
531925,"SHAQUAK","XT",1.7,0.08,4.94
531972,"TRIDETOOL","Z",8.92,0.42,4.94
531996,"ODYCORP","X",3.4,0.16,4.94
532123,"BSELINFRA","B",1.7,0.08,4.94
532124,"RELIABVEN","XT",10.84,0.51,4.94
532141,"ANDHRACEMT","T",25.5,1.2,4.94
532217,"SIELFNS","X",14.44,0.68,4.94
532712,"RCOM","B",4.04,0.19,4.94
532820,"ELAND","XT",4.89,0.23,4.94
535958,"INTEGRA","T",4.04,0.19,4.94
539096,"AANANDALAK","X",3.4,0.16,4.94
539174,"HELPAGE","XT",11.89,0.56,4.94
539384,"KRISHNACAP","XT",7.01,0.33,4.94
540829,"CHANDRIMA","XT",4.04,0.19,4.94
540901,"PRAXIS","B",45.7,2.15,4.94
541999,"GENERAAGRI","X",2.55,0.12,4.94
542206,"NIVAKA","X",8.08,0.38,4.94
500313,"OILCOUNTUB","T",7.23,0.34,4.93
506935,"CONTCHM","XT",35.15,1.65,4.93
511628,"IMCAP","X",42.6,2,4.93
514197,"STCORP","XT",23.4,1.1,4.93
517214,"DIGISPICE","T",52.1,2.45,4.93
517397,"PANELEC","XT",41.5,1.95,4.93
519299,"PRIMIND","Z",8.73,0.41,4.93
521234,"SRINACHA","XT",47.85,2.25,4.93
522101,"KLBRENG-B","XT",34.05,1.6,4.93
523722,"SVAMSOF","XT",3.83,0.18,4.93
526614,"EXPOGAS","XT",6.38,0.3,4.93
530133,"AMCOIND","X",42.6,2,4.93
530263,"GLOBALCA","Z",2.98,0.14,4.93
531033,"REGAL","X",4.9,0.23,4.93
532320,"VAARAD","XT",11.91,0.56,4.93
532992,"CHLLTD","XT",10.64,0.5,4.93
533344,"PFS","A",23.05,1.05,4.93
538787,"GBFL","XT",7.23,0.34,4.93
538817,"CAPPIPES","M",45.8,2.15,4.93
539278,"SYMBIOX","XT",1.49,0.07,4.93
539404,"SATIN","A",94.5,4.4,4.93
539598,"ORACLECR","XT",29.8,1.4,4.93
539982,"ASYL","T",12.76,0.6,4.93
506808,"TUTIALKA","X",12.79,0.6,4.92
511507,"USHAKIRA","XT",9.81,0.46,4.92
519174,"ASHAI","XT",10.23,0.48,4.92
522027,"EMAINDIA","XT",11.3,0.53,4.92
524572,"PHARMAID","XT",16,0.75,4.92
526471,"WINSOMBR","XT",11.94,0.56,4.92
526901,"SONALAD","X",6.83,0.32,4.92
530111,"RAJPACK","X",40.5,1.9,4.92
530213,"FORINTL","XT",36.25,1.7,4.92
531784,"KCLINFRA","XT",4.69,0.22,4.92
532801,"CTE","B",64.05,3,4.92
538212,"SHARPINV","XT",0.64,0.03,4.92
538607,"TOYAMIND","X",2.77,0.13,4.92
539221,"SPORTKING","XT",2801,131.35,4.92
539938,"MIL","XT",44.8,2.1,4.92
539985,"TITAANIUM","M",6.82,0.32,4.92
540146,"ACML","M",55.4,2.6,4.92
542446,"JONJUA","M",17.05,0.8,4.92
505737,"INTLCOMBQ","X",237.5,11.1,4.91
511208,"IVC","T",6.62,0.31,4.91
512481,"POLYTEX","Z",4.27,0.2,4.91
512604,"HARIAEXPO","X",4.27,0.2,4.91
522289,"NMSRESRC","XT",10.25,0.48,4.91
523105,"ZPPOLYSA","XT",75.8,3.55,4.91
526683,"HOTELRUGBY","T",3.42,0.16,4.91
531176,"MEFCOMCAP","X",10.89,0.51,4.91
531778,"KACHCHH","X",6.63,0.31,4.91
532042,"FRONTCORP","XT",10.47,0.49,4.91
532379,"FIRSTOBJ","X",5.77,0.27,4.91
532656,"FACORALL","X",5.98,0.28,4.91
532744,"GTNTEX","B",9.19,0.43,4.91
538451,"WORTH","XT",18.15,0.85,4.91
500191,"HMT","Z",37.5,1.75,4.9
503624,"ZSVARAJT","XT",6.42,0.3,4.9
511377,"MEHIF","XT",7.71,0.36,4.9
513452,"ELANGO","XT",7.49,0.35,4.9
517230,"PAEL","Z",7.28,0.34,4.9
524488,"SVCIND","XT",2.57,0.12,4.9
526445,"INDRANIB","XT",9.21,0.43,4.9
531210,"COLINZ","XT",21.4,1,4.9
531758,"GKCONS","X",3,0.14,4.9
531893,"SAWABUSI","X",3,0.14,4.9
533019,"SIMPLXPAP","X",5.35,0.25,4.9
534563,"MASL","M",4.92,0.23,4.9
540243,"NEWLIGHT","XT",37.5,1.75,4.9
500236,"KANELIND","XT",4.29,0.2,4.89
506128,"PARNAXLAB","XT",24.65,1.15,4.89
507514,"SDBL","T",47.15,2.2,4.89
512489,"OASISEC","X",18.25,0.85,4.89
513117,"AMFORG","X",4.29,0.2,4.89
523021,"RISHITECH","X",30.05,1.4,4.89
524400,"ISHITADR","X",38.6,1.8,4.89
526873,"RAJGASES","Z",7.29,0.34,4.89
530797,"SHGANEL","XT",10.3,0.48,4.89
531051,"VINTAGES","XT",4.72,0.22,4.89
531111,"GOTHIPL","P",23.6,1.1,4.89
532160,"GUJSTATFIN","T",6.43,0.3,4.89
533110,"SPSL","X",6.44,0.3,4.89
535204,"MUKTA","XT",2.79,0.13,4.89
539044,"MANAKSTELTD","B",34.35,1.6,4.89
541445,"WAA","M",41.85,1.95,4.89
542655,"VIKASLIFE","B",3.86,0.18,4.89
502893,"UNITEDINT","XT",34.4,1.6,4.88
507872,"ASHNOOR","XT",30.1,1.4,4.88
508918,"IRONWOOD","XT",32.25,1.5,4.88
512047,"ROYALIND","XT",2.15,0.1,4.88
523425,"SUNRAJDI","Z",3.87,0.18,4.88
530245,"ARYAMAN","X",43.05,2,4.88
530267,"SABOOBR","XT",11.17,0.52,4.88
531608,"GORANIN","XT",21.5,1,4.88
539469,"PANORAMA","XT",58.05,2.7,4.88
516106,"SHKARTP","XT",6.67,0.31,4.87
523896,"APIL","XT",22.6,1.05,4.87
526504,"DOLPHMED","XT",3.23,0.15,4.87
526525,"WWALUM","XT",8.4,0.39,4.87
530689,"LYKISLTD","X",35.55,1.65,4.87
531381,"ARIHANT","T",26.9,1.25,4.87
531980,"SENINFO","XT",4.09,0.19,4.87
538770,"CRANEINFRA","X",7.54,0.35,4.87
519285,"TARAI","XT",6.26,0.29,4.86
523752,"IOSYSTEM","X",3.67,0.17,4.86
526827,"SPICEISL","XT",6.47,0.3,4.86
526851,"AREXMIS","X",117.7,5.45,4.86
530407,"EPIC","XT",4.53,0.21,4.86
530469,"GSLSEC","X",5.39,0.25,4.86
530609,"CARNATIN","XT",5.39,0.25,4.86
530755,"CORNE","XT",5.18,0.24,4.86
530899,"ASIAPAK","X",24.8,1.15,4.86
531594,"INCON","XT",6.04,0.28,4.86
532216,"HBSTOCK","B",31.3,1.45,4.86
532455,"SHALIWIR","XT",7.12,0.33,4.86
533078,"MANJEERA","X",34.5,1.6,4.86
533451,"KARMAENG","T",19.4,0.9,4.86
539196,"AEL","X",25.9,1.2,4.86
540359,"PARMAX","XT",61.55,2.85,4.86
542803,"ELLORATRAD","XT",19.4,0.9,4.86
509563,"GARWAMAR","X",6.48,0.3,4.85
513216,"UTTAMSTL","B",4.97,0.23,4.85
521034,"SOMATEX","T",7.14,0.33,4.85
530829,"CILSEC","X",21.6,1,4.85
532408,"MEGASOFT","T",15.36,0.71,4.85
535267,"COMFINCAP","X",17.3,0.8,4.85
537800,"MANGIND","XT",2.38,0.11,4.85
539594,"MISHTANN","XT",6.7,0.31,4.85
514386,"GUJCOTEX","XT",1.3,0.06,4.84
517170,"KLKELEC","XT",19.53,0.9,4.84
520086,"SICAL","B",14.33,0.66,4.84
524218,"RESONANCE","X",177.8,7.95,4.84
526415,"OKPLA","XT",24.9,1.15,4.84
532902,"CCCL","T",0.65,0.03,4.84
533177,"IL&FSTRANS","Z",5.85,0.27,4.84
540386,"ONTIC","XT",4.98,0.23,4.84
542653,"JINAAM","MT",3.25,0.15,4.84
501391,"WHBRADY","X",182.7,8.4,4.83
503659,"SW1","XT",28.2,1.3,4.83
511543,"GSBFIN","XT",8.91,0.41,4.83
512301,"CHMBBRW","XT",3.04,0.14,4.83
524622,"ISTRNETWK","XT",2.17,0.1,4.83
530131,"UDAICEMENT","X",37.1,1.7,4.83
531172,"PRANAVSP","X",17.35,0.8,4.83
531456,"MINAXI","XT",1.52,0.07,4.83
500357,"RAMAPPR-B","XT",25,1.15,4.82
514326,"PATSPINLTD","T",8.49,0.39,4.82
516086,"SRPML","XT",3.7,0.17,4.82
531928,"GOLCA","X",5.22,0.24,4.82
538319,"GCMCAPI","M",3.26,0.15,4.82
539009,"GBLIL","XT",4.57,0.21,4.82
540081,"GOVNOW","T",2.39,0.11,4.82
543229,"SAMRATFORG","X",137,6.3,4.82
531254,"OPTIFIN","X",28.3,1.3,4.81
531288,"LEADFIN","XT",4.36,0.2,4.81
531416,"NARPROP","X",15.25,0.7,4.81
532113,"BRIJLEAS","X",2.18,0.1,4.81
536659,"PVVINFRA","XT",8.72,0.4,4.81
536965,"BPCAP","XT",8.07,0.37,4.81
538597,"TTIENT","X",3.92,0.18,4.81
539910,"KOCL","XT",2.83,0.13,4.81
514010,"HIMFIBP","XT",3.93,0.18,4.8
521182,"SEASONF","XT",3.49,0.16,4.8
526865,"JAINCO","XT",5.02,0.23,4.8
531497,"MADHUCON","B",6.55,0.3,4.8
531950,"VERTEX","XT",2.62,0.12,4.8
532350,"PADMALAYAT","Z",2.62,0.12,4.8
511194,"ICDSLTD","T",22.95,1.05,4.79
531413,"KIRANPR","X",3.72,0.17,4.79
531429,"ADVENT","Z",3.72,0.17,4.79
531892,"KHANDSE","B",17.5,0.8,4.79
532775,"GTLINFRA","B",3.5,0.16,4.79
533407,"CNOVAPETRO","X",20.8,0.95,4.79
539773,"ADVIKCA","XT",3.28,0.15,4.79
501343,"MOTOGENFIN","B",23,1.05,4.78
532296,"GLENMARK","A",689.95,31.35,4.78
535458,"NIBL","T",18.65,0.85,4.78
503031,"PENINLAND","T",15.83,0.72,4.77
505840,"JAIPAN","XT",12.13,0.55,4.76
511702,"PARSHINV","X",5.5,0.25,4.76
514316,"RAGHUSYN","X",209.45,9.5,4.76
523222,"SRMENERGY","X",3.3,0.15,4.76
530289,"SPCAPIT","X",18.7,0.85,4.76
530357,"KBSINDIA","X",3.96,0.18,4.76
532090,"VANDANA","XT",1.54,0.07,4.76
532340,"OMNIAX","XT",2.42,0.11,4.76
532854,"NITINFIRE","Z",2.42,0.11,4.76
533193,"KECL","T",20.9,0.95,4.76
539528,"AAYUSH","X",30.8,1.4,4.76
501150,"CENTRUM","B",53.35,2.35,4.75
514223,"RAMGOPOLY","XT",3.53,0.16,4.75
523151,"OTCO","X",6.62,0.3,4.75
530231,"SUBSM","XT",18.8,0.85,4.74
531881,"GMETCOAL","Z",19.9,0.9,4.74
500223,"JCTLTD","X",3.1,0.14,4.73
511012,"YAMNINV","XT",1.77,0.08,4.73
511187,"MILLENNIUM","XT",2.88,0.13,4.73
526967,"HEERAISP","Z",3.1,0.14,4.73
531417,"MEGACOR","XT",1.55,0.07,4.73
532887,"NTL","T",1.77,0.08,4.73
537839,"PHOENIXTN","X",15.5,0.7,4.73
517415,"LEENEE","XT",5.11,0.23,4.72
511447,"SYLPH","X",3.11,0.14,4.71
530715,"ALPSINDUS","T",3.11,0.14,4.71
531917,"TWINSTAR","Z",3.11,0.14,4.71
532806,"AICHAMP","XT",15.55,0.7,4.71
506642,"SADHNANIQ","X",68.1,3.05,4.7
516020,"AGIOPAPER","XT",3.12,0.14,4.7
521113,"SUDTIND-B","X",19,0.85,4.7
521141,"ADITYASP","XT",15.2,0.68,4.69
532359,"HITKITGLO","XT",0.67,0.03,4.69
539197,"DEVHARI","X",0.67,0.03,4.69
524824,"BALPHARMA","T",102,4.55,4.68
532766,"RICHAIND","Z",2.46,0.11,4.68
533007,"LGBFORGE","T",8.3,0.37,4.68
539199,"MOONGIPASEC","XT",2.91,0.13,4.68
540063,"ECS","XT",4.04,0.18,4.68
511525,"PANINDIAC","XT",1.12,0.05,4.67
532737,"EMKAY","B",134.55,5.75,4.67
538081,"HARIAAPL","XT",1.57,0.07,4.67
539150,"PNCINFRA","A",320,14.15,4.67
531834,"NATHUEC","X",0.9,0.04,4.65
532114,"AREALTY","Z",4.06,0.18,4.65
540789,"DNAMEDIA","B",2.7,0.12,4.65
512344,"ARAVALIS","X",4.07,0.18,4.64
530095,"PRADHIN","X",31.7,1.4,4.64
532702,"GSPL","A",339.95,14.95,4.64
509051,"INDINFO","XT",1.13,0.05,4.63
513305,"TERRASCOPE","X",2.71,0.12,4.63
531017,"ARISE","XT",8.6,0.38,4.63
541735,"VIVANTA","X",14.04,0.62,4.63
522281,"RAMRAT","X",148.8,6.45,4.62
526441,"VISIONCINE","XT",1.36,0.06,4.62
531648,"MAHAVIRIND","X",1.36,0.06,4.62
532767,"GAYAPROJ","B",40.3,1.75,4.62
539391,"ACME","X",15.85,0.7,4.62
540691,"ABCAPITAL","A",127.8,5.5,4.62
513502,"BAROEXT","X",1.59,0.07,4.61
539525,"NAVKETAN","XT",2.27,0.1,4.61
532371,"TTML","T",44.45,1.95,4.6
533605,"SETUINFRA","T",1.82,0.08,4.6
538674,"CITYONLINE","Z",2.5,0.11,4.6
539274,"BLFL","Z",3.42,0.15,4.6
543251,"RVHL","B",22.8,1,4.6
532001,"INDCTST","X",22.85,1,4.59
532007,"SHVFL","XT",5.02,0.22,4.59
532230,"BENGALT","X",57.95,2.5,4.59
532654,"MCLEODRUSS","T",35.45,1.55,4.59
532329,"DANLAW","X",292.55,12.75,4.58
538730,"PDSMFL","B",1235.75,51.9,4.58
524038,"VENLONENT","X",3.67,0.16,4.56
542019,"SHUBHAM","T",129.9,5.65,4.56
512379,"CRESSAN","XT",1.61,0.07,4.55
513642,"AXELPOLY","XT",21.9,0.95,4.55
521080,"PASARI","XT",3.46,0.15,4.55
539217,"SRESTHA","XT",2.3,0.1,4.55
542117,"NETRIPPLES","X",6.93,0.3,4.55
534680,"SRGHFL","X",184,7.95,4.54
526335,"SHREYASI","XT",6.02,0.26,4.53
506943,"JBCHEPHARM","A",1917,81.45,4.51
521151,"DHANFAB","X",22.1,0.95,4.51
530557,"NCLRESE","XT",1.39,0.06,4.51
533239,"PRAKASHSTL","T",1.39,0.06,4.51
505693,"LATIMMETAL","X",95.6,4.1,4.5
519214,"WILLIMFI","XT",5.35,0.23,4.49
531411,"TUNITEX","Z",1.86,0.08,4.49
542729,"DCMNVL","B",158.95,6.8,4.49
533315,"INOVSYNTH","XT",10.84,0.46,4.45
500540,"PREMIER","T",4,0.17,4.44
524675,"KABSON","XT",9.45,0.4,4.44
533257,"INDOSOLAR","Z",3.07,0.13,4.44
530197,"FUNDVISER","XT",12.56,0.53,4.43
531323,"JAYIND","X",11.32,0.48,4.43
531613,"MAL","XT",1.65,0.07,4.43
522004,"BATLIBOI","XT",23.7,1,4.42
513456,"KANSHST","XT",24.9,1.05,4.41
524500,"KILITCH","T",162.4,6.8,4.4
531550,"JHACC","XT",5.98,0.25,4.39
531676,"VAGHANI","X",10.7,0.45,4.39
540703,"PROVESTSER","X",5.23,0.22,4.39
514358,"EVERLON","X",15,0.63,4.38
519295,"BAMBINO","X",278.45,11.55,4.37
534741,"VIRTUALG","XT",1.2,0.05,4.35
590025,"GINNIFILA","B",38.25,1.55,4.34
535136,"NIBE","XT",55.85,2.3,4.32
532497,"RADICO","A",799,32.65,4.31
531398,"SOURCENTRL","X",179.2,7,4.3
532659,"IDFC","A",56.7,2.3,4.3
514302,"VIPPYSP","X",69.6,2.8,4.28
517477,"ELNET","X",195,7.8,4.28
537524,"VIAANINDUS","XT",1.22,0.05,4.27
522263,"JMCPROJECT","A",127,5.1,4.26
526481,"PHOENXINTL","XT",20.9,0.85,4.25
530023,"THEINVEST","B",114.8,4.6,4.25
532842,"SRHHYPOLTD","B",341.5,13.7,4.25
521082,"SPENTEX","Z",1.23,0.05,4.24
531845,"ZENITHSTL","T",1.23,0.05,4.24
530169,"MOHITPPR","XT",11.18,0.45,4.23
513252,"JAYUSH","X",544.95,21.65,4.22
532430,"BFUTILITIE","A",518.6,20.35,4.22
532740,"LOKESHMACH","T",47.25,1.9,4.22
531352,"PEETISEC","XT",15.21,0.61,4.21
533029,"ALKALI","B",97,3.7,4.21
531585,"DEVINE","XT",6.77,0.27,4.19
531752,"BIOGEN","XT",0.75,0.03,4.17
538180,"GOLDLINE","Z",0.25,0.01,4.17
541546,"GAYAHWS","T",1,0.04,4.17
507794,"KHAICHEM","B",64.65,2.5,4.16
531260,"SUNEDISON","X",60.5,2.4,4.16
532613,"VIPCLOTHNG","B",20.35,0.8,4.12
519230,"RICHIRICH","X",2.28,0.09,4.11
526823,"RAJINFRA","X",7.6,0.3,4.11
539228,"GGPL","B",34.5,1.35,4.11
531495,"BLUECOAST","B",6.15,0.24,4.1
521016,"ICIL","A",209,8.15,4.09
533217,"HMVL","B",96.5,3.65,4.09
542923,"TRANWAY","MS",6.36,0.25,4.09
511451,"DHARFIN","X",4.85,0.19,4.08
523277,"GVFILM","XT",1.02,0.04,4.08
507966,"RASRESOR","X",29.65,1.15,4.06
532815,"SMSPHARMA","B",187.3,7.1,4.06
539016,"NEIL","X",5.41,0.21,4.05
532748,"PFOCUS","T",59.85,2.3,4.04
514183,"BLACKROSE","X",199,7.5,3.98
522267,"VJLAXMIE","XT",42,1.6,3.97
524414,"NORRIS","XT",7.6,0.29,3.97
530355,"ASIANENE","X",140,5.3,3.97
538964,"MERCURYLAB","X",759,28.75,3.96
541302,"DHRUV","M",27,1,3.96
503776,"MODIPON","X",25.25,0.95,3.95
511523,"VEERHEALTH","X",10,0.38,3.95
512519,"DONEAR","B",54.5,2.05,3.95
539978,"QUESS","A",784.5,29.35,3.95
530109,"ANUPAM","X",8.8,0.33,3.94
514142,"TTL","T",64.85,2.45,3.93
514272,"BHILSPIN","X",18.5,0.7,3.93
532384,"TYCHE","X",225,8.45,3.93
500186,"HINDOILEXP","A",119.95,4.5,3.92
530445,"SUMERUIND","XT",1.07,0.04,3.92
509709,"INTLCONV","X",68.2,2.55,3.91
500412,"TIRUMALCHM","A",168.6,6.3,3.9
506186,"GCKL","XT",14.79,0.55,3.9
532951,"GSS","B",79.7,2.85,3.89
524752,"DECIPHER","X",38.25,1.4,3.88
526711,"ADARSHPL","XT",6.77,0.25,3.88
522287,"KALPATPOWR","A",480.25,17.55,3.87
530579,"UYFINCORP","X",6.23,0.23,3.87
533181,"ISFT","B",113.85,4.2,3.86
539276,"KAYA","B",523.1,18.75,3.81
531255,"PARAGONF","X",19.2,0.7,3.79
532774,"INSPIRISYS","B",72.05,2.6,3.79
531533,"ECOM","XT",14,0.51,3.78
539143,"PANTH","X",9.69,0.35,3.78
504335,"PAZEL","Z",0.55,0.02,3.77
523405,"JMFINANCIL","A",117.55,4.05,3.76
500020,"BOMDYEING","A",103.95,3.7,3.75
512553,"ZENITHEXPO","T",87.3,3.15,3.75
537254,"RCIIND","T",8.68,0.31,3.75
532666,"FCSSOFT","T",2.24,0.08,3.74
533274,"PRESTIGE","A",334.25,11.9,3.74
542337,"SPENCER","A",99.7,3.55,3.74
521109,"NAGREEKEXP","B",33.75,1.2,3.73
526477,"SAENTER","XT",25.25,0.9,3.73
532478,"UBL","A",1456.75,51.95,3.72
531879,"PIONDIST","B",133.95,4.75,3.71
530843,"CUPID","B",263,9.25,3.7
538992,"SAPL","X",313.95,11,3.68
526435,"PERFEPA","X",160,5.6,3.67
539218,"SAUMYA","X",66.6,2.35,3.67
517354,"HAVELLS","A",1090,38.05,3.66
526554,"SALGUTI","XT",17,0.6,3.66
526217,"HITECHCORP","B",246,8.5,3.65
530997,"UNIQUEO","X",14.69,0.51,3.65
532419,"SMARTLINK","B",133.8,4.45,3.64
514248,"SRECR","P",40.45,1.4,3.63
523842,"SUPTANERY","X",7.1,0.24,3.63
512329,"KRL","XT",184.4,6.35,3.62
517273,"S&SPOWER","T",21.55,0.75,3.61
530663,"GOYALASS","XT",6.06,0.21,3.61
540134,"IISL","X",4.38,0.15,3.61
531431,"SHAKTIPUMP","B",860,29.5,3.6
539332,"NAVKARCORP","B",52.95,1.8,3.59
526951,"STYLAMIND","X",904.1,31.1,3.58
532398,"UMESLTD","T",4.63,0.16,3.58
541269,"CHEMFABALKA","B",187.05,6.25,3.57
511692,"AJCON","X",41.25,1.4,3.56
526881,"63MOONS","T",95.8,3.25,3.56
533101,"SURYAAMBA","X",127.1,4.3,3.55
509692,"INDIANCARD","B",219.2,7.3,3.52
530025,"SAMYAKINT","XT",20.6,0.7,3.52
531540,"MAINFRA","X",35.7,1.15,3.52
532333,"HBPOR","XT",34.25,1.15,3.52
531364,"PARAMONE","X",34.2,1.15,3.51
532282,"CASTEXTECH","T",0.59,0.02,3.51
521131,"SBFL","XT",10.5,0.35,3.5
532029,"SINDHUTRAD","XT",102.8,3.45,3.5
500171,"GHCL","A",321.9,10.8,3.49
532387,"PNC","T",42.1,1.4,3.49
535789,"IBULHSGFIN","A",276.95,9.3,3.49
531869,"SACHEMT","X",19.8,0.65,3.48
533270,"BEDMUTHA","T",35.7,1.2,3.48
543286,"JETMALL","M",17.9,0.6,3.47
505216,"ALFREDHE","X",704,22.95,3.45
526371,"NMDC","A",179.75,5.95,3.45
530699,"RAJRAYON","Z",0.3,0.01,3.45
531198,"DHANADACO","XT",7.61,0.25,3.45
531812,"SGNTE","XT",0.6,0.02,3.45
512634,"SAVERA","X",49.8,1.65,3.43
533758,"APLAPOLLO","A",1574.95,52.1,3.43
507948,"KEYCORP","XT",47.6,1.55,3.42
533608,"RDBRL","X",87.3,2.85,3.42
532382,"BALAJITELE","A",72.5,2.35,3.41
502271,"RASSIREF","X",13.59,0.44,3.4
532145,"HOTLSILV","XT",6.79,0.22,3.4
534618,"SAREL","XT",166.4,5.35,3.38
532488,"DIVISLAB","A",4777.35,155.4,3.37
509597,"HARDCAS","X",248,7.95,3.35
542651,"KPITTECH","A",268,8.6,3.34
532696,"EDUCOMP","Z",3.45,0.11,3.32
533343,"LOVABLE","T",124.8,3.95,3.32
538569,"TRIVENIENT","X",14.2,0.45,3.32
521206,"SAMTEX","X",1.58,0.05,3.31
532173,"CYBERTECH","B",207.7,6.25,3.31
532397,"KONNDOR","X",8.73,0.28,3.31
533168,"ROSSELLIND","B",177,5.5,3.31
542770,"ALPHALOGIC","MS",152.45,4.85,3.29
500259,"LYKALABS","T",61.5,1.95,3.28
526608,"ELECTHERM","B",160.6,5.05,3.26
537573,"POLYMAC","M",11.5,0.36,3.25
506520,"JAYCH","XT",5.19,0.16,3.23
500302,"PEL","A",2379.55,73.4,3.22
523716,"ASHIANA","B",174.75,5.35,3.22
526582,"TPLPLAST","B",278.85,8.05,3.21
540647,"GANGESSEC","B",92,2.8,3.21
532392,"CREATIVEYE","B",2.9,0.09,3.2
533655,"TRITURBINE","A",136,4.2,3.2
533287,"ZEELEARN","B",16.5,0.5,3.19
540701,"DCAL","A",217.95,6.6,3.19
540552,"AXISAEGPG","B",15.99,0.49,3.18
590075,"LAMBODHARA","B",110,3.35,3.18
542383,"RITCO","M",31.55,0.95,3.16
543289,"KGES","MS",17.95,0.55,3.16
509220,"PTL","B",53,1.6,3.15
519359,"POONADAL","X",57,1.65,3.15
509009,"AUSOMENT","B",118.15,3.25,3.14
511463,"ALEXANDER","XT",26.85,0.8,3.13
511630,"SAMBHAAV","T",3.95,0.12,3.13
532402,"USGTECH","XT",4.34,0.13,3.13
502355,"BALKRISIND","A",2404.05,72.2,3.12
506122,"PANKAJPIYUS","X",87.9,2.65,3.11
526159,"NIKHILAD","X",899,26.7,3.11
526859,"ISFL","XT",2.68,0.08,3.11
531909,"CROISSANCE","XT",8.33,0.25,3.11
530809,"BNRUDY","X",15.65,0.47,3.1
526550,"CCHHL","T",7.12,0.21,3.09
526576,"TECHIN","T",5.39,0.16,3.09
530711,"JAGANLAM","X",57.6,1.7,3.09
539692,"IFINSER","X",7.02,0.21,3.08
539267,"DRHABEEB","X",32,0.95,3.06
506981,"BLUECHIPT","X",106,3.1,3.05
531978,"AMBIKCO","B",1458,41.6,3.05
500655,"GRWRHITECH","T",935,27.4,3.04
500777,"TNPETRO","B",123,3.6,3.04
523519,"UNIOFFICE","XT",3.1,0.09,3.04
506003,"SUDAI","XT",6.8,0.2,3.03
542677,"MAHESH","X",5.19,0.15,3.03
521149,"PRIMEURB","X",9.03,0.26,3.02
530771,"KLGCAP","X",12.35,0.36,3
523391,"NAHARPOLY","B",219.5,6,2.99
505358,"INTEGRAEN","X",47,1.35,2.98
532482,"GRANULES","A",384.2,11.05,2.98
543280,"NAZARA","B",1988,55.65,2.98
534060,"PMCFIN","X",2.47,0.07,2.97
505720,"HERCULES","B",176.75,5,2.96
539346,"SADBHIN","B",35.6,1,2.96
504092,"INDOKEM","X",51.6,1.45,2.95
532366,"PNBGILTS","B",76.45,2.15,2.95
526263,"MOLDTEK","B",101.95,2.85,2.94
532416,"NEXTMEDIA","B",6,0.17,2.94
532454,"BHARTIARTL","A",543.25,15.45,2.94
534598,"SEPOWER","T",8.91,0.25,2.94
543287,"LODHA","B",872.5,24.4,2.94
508814,"COSMOFILMS","A",1114.15,31.55,2.93
530621,"AAIL","XT",26.6,0.75,2.93
537766,"BCP","T",3.92,0.11,2.93
539122,"BODHTREE","X",47,1.3,2.9
543276,"CRAFTSMAN","B",2140,59.1,2.89
506579,"ORIENTCQ","A",1123.6,30.95,2.88
531241,"LINCPENQ","T",205.85,5.7,2.88
500460,"MUKANDLTD","T",141.1,3.9,2.87
542579,"AGOL","B",48.25,1.25,2.87
523019,"BNRSEC","X",42.25,1.15,2.86
523874,"PRECISION","XT",0.36,0.01,2.86
542231,"NILASPACES","T",2.19,0.06,2.86
532776,"SHIVAMAUTO","T",27.55,0.75,2.85
535620,"BINNYMILLS","X",110,2.85,2.85
539254,"ADANITRANS","T",1029,27.85,2.84
507747,"TTKHEALTH","B",802,21.6,2.82
532817,"ORIENTALTL","B",11.45,0.31,2.82
542753,"SEACOAST","X",254.75,6.85,2.82
502168,"NCLIND","A",248.9,6.75,2.81
511589,"AVONMORE","X",38.9,1.05,2.81
530815,"REFNOL","XT",35.5,0.95,2.79
524727,"SDL","X",13.6,0.36,2.78
532624,"JINDALPHOT","T",74,2,2.78
539833,"SICLTD","X",0.37,0.01,2.78
514312,"JAIHINDS","XT",10.08,0.27,2.77
517035,"RIR","X",74.05,1.95,2.76
523828,"MENONBE","B",80.7,2.15,2.76
522165,"INDSILHYD","XT",21,0.55,2.75
523610,"ITI","A",143.7,3.65,2.75
517447,"RSSOFTWARE","T",37.95,1,2.74
532716,"GILLANDERS","B",64.95,1.65,2.73
500125,"EIDPARRY","A",417.15,10.95,2.71
532370,"RAMCOSYS","A",686,17.6,2.71
505576,"GOLDCORP","X",107,2.75,2.7
539526,"SCTL","B",0.77,0.02,2.7
540737,"SGRL","B",405,10.5,2.7
542666,"GKP","M",56.15,1.4,2.69
532868,"DLF","A",336.4,8.65,2.68
531129,"INANI","X",36.8,0.9,2.67
530665,"ZENITHHE","XT",8.6,0.22,2.66
507910,"FIBERWEB","X",54.85,1.4,2.65
533148,"JSWENERGY","A",195.2,5,2.65
534816,"INDUSTOWER","A",244.35,6.2,2.64
500043,"BATAINDIA","A",1628.4,41.4,2.63
502587,"NATHIND","X",115.9,2.9,2.63
526642,"MIRZAINT","B",58.3,1.45,2.63
511549,"MORARKFI","X",66.05,1.65,2.62
540697,"AMFL","XT",1.98,0.05,2.6
509895,"HINDMILL","X",370,9.25,2.59
500330,"RAYMOND","A",461.55,11.4,2.58
503641,"ZODIACVEN","XT",18.2,0.45,2.58
530695,"PRIMEPRO","XT",15.04,0.37,2.58
532307,"MELSTAR","Z",3.66,0.09,2.58
590082,"LOHIASEC","XT",84.9,2.1,2.57
531578,"KMFBLDR","X",3.6,0.09,2.56
541096,"BPLPHARMA","XT",392,9.6,2.56
526703,"ECOPLAST","X",107,2.65,2.55
535205,"MYSTICELE","XT",3.7,0.09,2.55
543238,"UTIAMC","B",908.35,21.85,2.55
500235,"KSL","A",412.3,10.1,2.54
538351,"AFEL","XT",20.6,0.5,2.54
517238,"DYNAVSN","XT",73,1.8,2.53
540544,"PSPPROJECT","A",479.1,11.65,2.53
541778,"DEEP","B",120,2.95,2.53
539398,"VISHALBL","T",34.6,0.85,2.52
543268,"DRCSYSTEMS","T",285,7,2.52
500252,"LAXMIMACH","A",7875.95,188.2,2.5
538837,"JSTL","X",90.5,2.2,2.5
539546,"BNL","X",5.89,0.14,2.49
532847,"HILTON","T",12.2,0.29,2.47
590030,"SPIC","B",68.45,1.6,2.47
526935,"ARUNIS","X",23.3,0.55,2.46
539141,"UFO","B",109.35,2.55,2.46
523826,"SOVERDIA","XT",7.95,0.19,2.45
532345,"GATI","A",168.95,3.9,2.45
536846,"YURANUS","XT",5.85,0.14,2.45
540253,"SNTCL","XT",1.7,0.04,2.45
526783,"DRAGARWQ","X",471.95,11.05,2.44
540980,"YSL","XT",21490,500,2.44
523539,"PRECWIRE","B",232.25,5.4,2.43
524288,"AIMCOPEST","X",120.5,2.8,2.43
533170,"TAMBOLI","X",57.65,1.35,2.43
540395,"CHEMCRUX","M",299.7,7,2.43
530307,"CHAMANSEQ","B",152.9,3.5,2.41
507815,"GILLETTE","A",6172.45,140.85,2.4
526847,"ASHSI","X",13.88,0.32,2.38
539132,"VEGETABLE","XT",3.9,0.09,2.37
543252,"FAIRCHEMOR","B",1555.4,35.4,2.37
521244,"CHITRTX","XT",13,0.3,2.36
530419,"SUMEDHA","X",35.95,0.8,2.36
522183,"ITL","X",168.8,3.8,2.35
532852,"MCDHOLDING","T",59.85,1.35,2.35
543232,"CAMS","B",3589,78.85,2.35
517429,"ATHENAGLO","XT",67.25,1.5,2.34
509675,"HIL","A",4477.35,101.4,2.33
506235,"ALEMBICLTD","A",137.65,3.05,2.32
519105,"AVTNPL","B",80.85,1.8,2.32
524404,"MARKSANS","A",89.25,2,2.32
542933,"UNIVPHOTO","B",303.4,6.8,2.32
500490,"BAJAJHLDNG","A",4018.8,89.9,2.31
517548,"STARLITE","Z",2.72,0.06,2.31
519588,"DFM","A",408,9.1,2.3
500189,"NXTDIGITAL","B",505.45,11.25,2.29
511726,"VIPUL","T",35.9,0.8,2.29
539056,"IMAGICAA","T",8.68,0.19,2.29
532719,"BLKASHYAP","B",24.8,0.55,2.28
532432,"UNITDSPR","B",672,14.75,2.27
531489,"CGVAK","X",197.95,4.25,2.26
532768,"FIEMIND","B",801.9,17.55,2.26
538119,"RNBDENIMS","T",83.7,1.8,2.26
532259,"APARINDS","A",583,12.45,2.25
505526,"DOLAT","B",110.75,2.35,2.24
524013,"HINFLUR","T",11.2,0.24,2.24
507836,"MCCHRLS-B","X",550.85,11.7,2.23
523384,"MAHAPEXLTD","T",118.5,2.55,2.23
531609,"KGPETRO","XT",315.3,6.7,2.23
532286,"JINDALSTEL","A",408.7,8.85,2.23
530627,"VIPULORG","X",210,4.5,2.22
531719,"BHAGCHEM","X",720,15.5,2.22
532906,"MAANALU","B",400,8.65,2.22
513149,"ACROW","X",139,3,2.21
534328,"HEXATRADEX","B",149.65,3.15,2.2
530759,"STERTOOLS","B",209,4.3,2.17
519152,"VADILENT","XT",1701,35.05,2.16
533272,"CEBBCO","B",38.45,0.8,2.16
512493,"GARNETINT","XT",24.65,0.5,2.13
524080,"HARLETH","XT",40.85,0.85,2.13
526179,"LUDLOWJUT","X",90.7,1.85,2.13
530331,"PREMCO","X",480,9.9,2.13
538598,"VISHAL","B",97.45,2,2.13
500207,"INDORAMA","T",60.95,1.25,2.12
526546,"CHOKSILA","XT",14.35,0.29,2.12
500183,"HFCL","T",82,1.65,2.1
532605,"JBMA","B",511,10.3,2.1
533146,"DLINKINDIA","B",167.35,3.35,2.1
513228,"PENIND","B",38.35,0.75,2.09
531512,"ORIENTTR","XT",6.49,0.13,2.09
500103,"BHEL","A",67,1.35,2.08
523260,"PEARLPOLY","B",17.45,0.35,2.08
524804,"AUROPHARMA","A",978.4,19.9,2.08
530075,"SELAN","B",157,3.15,2.08
526640,"RAYALEMA","XT",27.85,0.55,2.07
540361,"DANUBE","X",35.8,0.7,2.07
540653,"SINTEXPLAST","T",6.05,0.12,2.07
500294,"NCC","A",95.5,1.9,2.06
516096,"SANPA","XT",101.8,2,2.06
530017,"SIL","T",17.5,0.35,2.06
533470,"RUSHIL","T",293.9,5.9,2.05
539400,"MALLCOM","X",654,12.8,2.05
517498,"WEBELSOLAR","B",71.75,1.4,2.04
500092,"CRISIL","A",2775.25,54.05,2
500660,"GLAXO","A",1580.6,30.85,2
504973,"CHOLAHLDNG","A",651.1,12.75,2
526173,"ANDREWYU","B",31.3,0.6,2
532373,"WEPSOLN","X",23.6,0.45,2
507645,"POLSON","X",14435.9,271.65,1.99
521188,"UNITEDTE","XT",6.84,0.13,1.99
523736,"DVL","B",320,5.9,1.99
512229,"VERITAS","XT",157.1,3.05,1.98
531746,"PRAENG","B",18.3,0.35,1.98
534675,"PROZONINTU","T",34.4,0.65,1.98
500850,"INDHOTEL","A",154.85,2.95,1.97
542652,"POLYCAB","A",1985,37.45,1.97
503100,"PHOENIXLTD","A",893.55,16.8,1.96
541178,"BENARA","M",13,0.25,1.96
520059,"MUNJALAU","B",68.9,1.3,1.95
532538,"ULTRACEMCO","A",7355.8,139.95,1.95
543254,"AWHCL","B",359.65,6.8,1.95
507488,"GMBREW","B",610.6,11.5,1.94
526544,"SCANPGEOM","X",21.5,0.4,1.94
531278,"ELIXIR","X",51.9,0.95,1.94
505750,"JOSTS","X",559,10.35,1.93
538564,"JAMESWARREN","X",219.9,4.1,1.93
538778,"AKASHDEEP","X",38.4,0.7,1.93
524648,"INDOAMIN","X",248.5,4.55,1.92
531080,"SHRIKRISH","X",16.45,0.3,1.92
532749,"ALLCARGO","A",161.8,3,1.91
520141,"SIBARAUT","X",8.09,0.15,1.9
532503,"RAJPALAYAM","X",926,16.95,1.9
536751,"FIVEXTRADE","XT",1.1,0.02,1.9
500350,"RSWM","B",345.95,6.3,1.88
502820,"DCM","T",41.75,0.75,1.86
532699,"ROHLTD","B",88.5,1.6,1.86
533160,"DBREALTY","B",30.95,0.55,1.85
519475,"CHORDIA","XT",156,2.8,1.84
541983,"INNOVATIVE","M",7.84,0.14,1.84
504340,"CONFINT","X",3.34,0.06,1.83
531502,"ESARIND","X",3.33,0.06,1.83
526365,"SWARNSAR","X",17.3,0.3,1.81
504240,"DLTNCBL","XT",54.4,0.95,1.8
532548,"CENTURYPLY","A",419.65,7.4,1.8
543299,"SHYAMMETL","B",418,7.3,1.8
543300,"SONACOMS","B",409,7.1,1.8
890147,"RELIANCEPP","A",1483,26.2,1.8
500266,"MAHSCOOTER","A",3819.95,66.85,1.79
524348,"AARTIDRUGS","A",733.5,12.85,1.79
533056,"VEDAVAAG","X",44.25,0.75,1.79
538965,"CONCORD","XT",31.8,0.55,1.79
543253,"BECTORFOOD","B",447,7.7,1.79
500470,"TATASTEEL","A",1281.15,22.2,1.77
506365,"CHEMOPH","XT",26.4,0.45,1.76
523704,"MASTEK","A",2508.3,42.85,1.76
530365,"ORIENTBELL","B",333,5.7,1.76
532553,"WELENT","A",115.9,1.95,1.76
533088,"MHRIL","A",330,5.6,1.75
541601,"RAJNISH","M",23.9,0.4,1.75
524412,"AREYDRG","X",38.4,0.65,1.74
531196,"GAGANPO","XT",2.39,0.04,1.74
540153,"ENDURANCE","A",1664.1,28.15,1.74
521220,"DAMOINDUS","B",50.75,0.85,1.73
524582,"TIRUSTA","XT",62,1.05,1.73
531717,"VIDHIING","B",268.2,4.4,1.73
519319,"JATALIA","XT",4.2,0.07,1.71
500192,"PRAGBOS","XT",3.03,0.05,1.7
502742,"SINTEX","T",4.89,0.08,1.7
504786,"INVPRECQ","X",219.8,3.65,1.69
540174,"SOUTHERNIN","XT",21.65,0.35,1.69
533540,"TREEHOUSE","T",11.23,0.18,1.68
507753,"TGVSL","X",39.95,0.65,1.67
524711,"VISTAPH","XT",11.2,0.18,1.66
505242,"DYNAMATECH","B",1648.6,26.15,1.65
500730,"NOCIL","A",269.75,4.3,1.64
543230,"ADVAIT","M",59,0.95,1.64
505368,"REVATHI","B",711.65,11.25,1.63
538834,"MEL","XT",5.14,0.08,1.63
531091,"UNITDCR","X",16,0.25,1.6
532834,"CAMLINFINE","A",228,3.55,1.6
539561,"REMLIFE","XT",131,2,1.6
542367,"XELPMOC","B",470,7.1,1.6
530889,"ALKA","Z",0.65,0.01,1.59
531225,"XTGLOBAL","X",35.95,0.55,1.59
500106,"IFCI","A",14.33,0.22,1.58
500110,"CHENNPETRO","A",139,2.1,1.58
511509,"VIVOBIOT","X",89,1.35,1.57
538566,"APOLLOTRI","A",1465.05,22.65,1.57
500014,"UTIQUE","X",4.72,0.07,1.56
500136,"ESTER","B",147.45,2.25,1.56
500257,"LUPIN","A",1181.9,18.1,1.56
519156,"VADILALIND","B",1031.8,15.75,1.56
531147,"ALICON","B",809,12.25,1.56
540673,"SIS","A",512.95,7.75,1.56
532998,"LEHIL","T",50.65,0.75,1.55
502958,"LAKSHMIMIL","X",3350,49.85,1.54
539940,"MAXVIL","B",81.05,1.2,1.54
500378,"JINDALSAW","A",131.8,1.95,1.53
512437,"APOLLOFI","XT",575,8.55,1.52
532918,"RATHIBAR","X",28.95,0.4,1.52
543218,"SBGLP","M",67,1,1.52
500067,"BLUESTARCO","A",872.05,12.9,1.51
500179,"HCL-INSYS","B",17.4,0.25,1.51
530175,"ODYSSEY","XT",54.4,0.8,1.51
532523,"BIOCON","A",413.2,6.1,1.51
512247,"ASHCAP","X",4.75,0.07,1.5
532898,"POWERGRID","A",236.3,3.45,1.5
532832,"IBREALEST","A",144.55,2.1,1.49
506480,"GOCLCORP","B",279,4,1.48
513709,"SHILGRAVQ","X",115,1.65,1.48
532612,"INDOCO","A",469.75,6.45,1.48
523395,"3MINDIA","A",24872.05,356.9,1.47
532810,"PFC","A",128,1.85,1.47
512597,"KEYFINSER","B",75,1.05,1.46
531673,"ANKIN","X",10.03,0.14,1.46
533150,"GODREJPROP","A",1588.2,22.7,1.46
509073,"HATHWAYB","XT",21.35,0.3,1.45
512048,"LUHARUKA","X",0.72,0.01,1.45
538812,"AANCHALISP","XT",5.75,0.08,1.45
540615,"7NR","B",7.24,0.1,1.45
542592,"HBEL","M",117,1.65,1.44
524037,"RAMAPHO","X",328,4.5,1.43
539673,"RCL","XT",7.89,0.11,1.43
539770,"DARJEELING","XT",4.39,0.06,1.43
539963,"ZEAL","B",142,1.85,1.43
507864,"PIONRINV","X",36.35,0.5,1.42
532159,"TRESCON","X",50,0.7,1.42
532762,"ACE","A",236.95,3.25,1.42
532889,"KPRMILL","A",1902,26,1.42
534532,"LYPSAGEMS","B",5.81,0.08,1.42
539876,"CROMPTON","A",496.5,6.5,1.41
543248,"BURGERKING","B",171.55,2.35,1.41
500367,"RUBFILA","X",103,1.4,1.4
531287,"NATPLASTI","X",74.9,1,1.4
513343,"GRANDFONRY","T",3.76,0.05,1.39
542670,"ARTEMISELC","B",48.15,0.65,1.39
538401,"METSL","X",68.35,0.9,1.38
500325,"RELIANCE","A",2114.5,28.55,1.37
539487,"LICNETFSEN","B",572,7.66,1.37
541444,"PALMJEWELS","B",37.8,0.5,1.37
526829,"CONFIPET","B",63.75,0.85,1.36
540526,"IRBINVIT","IF",56.3,0.75,1.35
500215,"ATFL","A",973.8,12.65,1.34
514045,"BSL","B",62,0.8,1.34
533090,"EXCEL","T",3.84,0.05,1.33
538562,"SKIPPER","B",91.4,1.15,1.33
502281,"TRIVENIGQ","X",6.89,0.09,1.32
539661,"ACEMEN","XT",39.85,0.5,1.32
590109,"SHARIABEES","B",410.37,5.33,1.32
500199,"IGPL","B",696,8.95,1.31
541163,"SANDHAR","B",299,3.8,1.31
533096,"ADANIPOWER","T",108.5,1.35,1.3
502015,"ASIIL","XT",28.2,0.35,1.29
507598,"KLRFM","X",71.9,0.9,1.29
532457,"GULPOLY","T",243.4,3,1.29
533553,"TDPOWERSYS","B",218.6,2.7,1.29
526479,"SKYIND","X",81.8,1,1.28
539255,"STARDELTA","X",84.95,1.05,1.28
540809,"MRCEXIM","M",6.7,0.08,1.28
517041,"ADORWELD","B",808,9.45,1.27
517146,"USHAMART","A",56.75,0.7,1.27
523676,"GOLKUNDIA","X",48.2,0.6,1.27
524051,"POLYPLEX","A",1548,19.1,1.27
531982,"SPECFOOD","XT",16,0.2,1.27
532808,"PGIL","B",277.6,3.45,1.27
533155,"JUBLFOOD","A",3153,39.45,1.27
505827,"SNL","X",279,3.4,1.25
531859,"ORIRAIL","X",58.5,0.7,1.25
532309,"GEPIL","A",343.35,4.15,1.25
519183,"ADFFOODS","A",882.1,10.7,1.24
532461,"PNB","A",41.2,0.5,1.24
533602,"LESHAIND","XT",3.39,0.04,1.24
539844,"EQUITAS","A",130.95,1.6,1.24
534091,"MCX","A",1746.9,20.9,1.23
526861,"RISHILASE","X",17.2,0.2,1.22
531437,"PWASML","X",29.95,0.35,1.22
539437,"IDFCFIRSTB","A",54.6,0.65,1.22
540570,"VARIMAN","XT",43,0.5,1.22
532807,"CINELINE","B",51.75,0.6,1.21
539807,"INFIBEAM","A",50.9,0.6,1.21
506194,"ASL","T",94,1.1,1.2
523606,"SIKA","X",500,5.8,1.2
500295,"VEDL","A",274.95,3.2,1.19
523319,"BALMLAWRIE","A",142.55,1.65,1.19
533282,"GRAVITA","B",176.8,2.05,1.19
541083,"INFLAME","M",255,3,1.19
500355,"RALLIS","A",341.65,3.95,1.18
523323,"KOVAI","B",1404,16.35,1.18
526139,"TRABI","XT",4.43,0.05,1.18
531215,"RTSPOWR","X",52.8,0.6,1.18
531900,"CCLINTER","X",17.7,0.2,1.18
540614,"GGENG","B",26.15,0.3,1.18
543227,"HAPPSTMNDS","B",1580.8,17.4,1.18
524742,"CAPPL","A",695.45,8,1.17
532468,"KAMAHOLD","A",10230,114.15,1.16
541167,"YASHO","T",449.95,5.1,1.16
511551,"MONARCH","X",124,1.4,1.15
530019,"JUBLPHARMA","A",725.9,8.1,1.15
533033,"ISGEC","A",826,9.15,1.15
530079,"FAZE3Q","X",139.45,1.55,1.14
542812,"FLUOROCHEM","A",1499.1,16.75,1.14
543266,"HERANBA","B",739.5,8.15,1.14
509055,"VISAKAIND","B",766,8.55,1.13
523120,"ADORMUL","X",87,0.95,1.13
539017,"STARHFL","B",98.9,1.1,1.13
541347,"PARVATI","XT",7.51,0.08,1.12
541865,"ASRL","B",89,0.95,1.12
543066,"SBICARD","A",990.8,10.85,1.11
590056,"SALONACOT","B",195.55,2,1.11
511754,"SAHLIBHFI","X",79.9,0.8,1.1
515127,"RAMASIGNS","XT",3.83,0.04,1.1
524202,"LACTOSE","X",33,0.35,1.1
532395,"AXISCADES","T",98,1.05,1.1
532504,"NAVINFLUOR","A",3968.85,42.2,1.1
542911,"ASSAMENT","XT",1331.45,14,1.1
543290,"PGINVIT","IF",117.45,1.27,1.1
522113,"TIMKEN","A",1555,16.5,1.09
532805,"REDINGTON","A",330,3.5,1.09
508954,"FINKURVE","X",48.45,0.5,1.08
517449,"MAGNAELQ","X",186,1.95,1.08
530999,"BALAMINES","A",2994.5,30.9,1.08
531727,"MENNPIS","X",28.65,0.3,1.08
537750,"KIRANVYPAR","X",157.9,1.65,1.08
514087,"PBMPOLY","X",100,1.05,1.07
542233,"TREJHARA","B",62.6,0.65,1.07
890152,"URJAPP","T",2.93,0.03,1.07
511676,"GICHSGFIN","A",187.9,1.95,1.06
519600,"CCL","A",390.6,4.05,1.06
524164,"IOLCP","A",671.2,6.95,1.06
532323,"SHIVACEM","X",38.4,0.4,1.06
532926,"JYOTHYLAB","A",177.25,1.85,1.06
533289,"KTIL","X",68.75,0.7,1.06
539660,"BESTAGRO","B",475,4.8,1.06
541702,"ASHNI","XT",6.9,0.07,1.06
500290,"MRF","A",82600,857.75,1.05
503806,"SRF","A",7800,80.85,1.05
524394,"VIMTALABS","B",310,3.15,1.04
532019,"LCCINFOTEC","T",1.96,0.02,1.04
532341,"IZMO","B",88.6,0.9,1.04
532531,"STAR","A",798,8.15,1.04
523207,"KOKUYOCMLN","B",74.9,0.75,1.03
540775,"KHADIM","B",314,3.1,1.03
543258,"INDIGOPNTS","B",2645,26.6,1.03
500360,"RAPICUT","XT",35.7,0.35,1.02
532539,"MINDAIND","A",723.55,7.3,1.02
542857,"GREENPANEL","T",249.9,2.5,1.02
517500,"ROTO","X",207.4,2.05,1.01
524440,"CAMEXLTD","X",30.85,0.3,1.01
530677,"SUPREME","X",20.75,0.2,1.01
532240,"INDNIPPON","B",387,3.8,1.01
532695,"CELEBRITY","B",9.36,0.09,1.01
532947,"IRB","A",189.5,1.85,1.01
535431,"GCMSECU","M",2.08,0.02,1.01
500440,"HINDALCO","A",406,4,1
526193,"ROYALCU","XT",8.37,0.08,1
543220,"MAXHEALTH","B",270.95,2.65,1
500260,"RAMCOCEM","A",1128.35,11,0.99
531233,"RASIELEC","X",6.45,0.06,0.99
540047,"DBL","A",573.95,5.6,0.99
540125,"RADHIKAJWE","M",41.85,0.4,0.99
500227,"JINDALPOLY","A",1008,9.75,0.98
500040,"CENTURYTEX","A",732.95,6.9,0.97
523204,"ABAN","T",41.95,0.4,0.97
532218,"SOUTHBANK","A",12.91,0.12,0.97
511108,"SHIVTEX","B",203,1.8,0.96
538683,"NETFSENSEX","B",578.84,5.48,0.96
543228,"ROUTE","B",2175.3,20.4,0.96
500368,"RUCHISOYA","B",1126.6,10.55,0.95
503657,"VEERENRGY","X",14.3,0.13,0.95
522014,"UNIDT","B",332.3,3.1,0.95
532683,"AIAENG","A",2081,19.25,0.95
534755,"TRIOMERC","X",3.29,0.03,0.95
539542,"LUXIND","A",3716.75,34.55,0.95
539889,"PARAGMILK","A",144.8,1.35,0.95
500670,"GNFC","A",366.3,3.35,0.94
507717,"DHANUKA","A",1006,9.35,0.94
514300,"PIONEEREMB","B",61.25,0.55,0.94
520021,"OMAXAUTO","B",71.3,0.65,0.94
539288,"AVI","XT",44.7,0.4,0.94
542650,"METROPOLIS","A",2875.4,26.35,0.94
500298,"NATPEROX","A",2200,20.2,0.93
540401,"MAXIMUS","B",106.9,0.95,0.93
543181,"11AGG","B",15.24,0.13,0.93
500300,"GRASIM","A",1578.7,14.3,0.92
532435,"SANINFRA","X",145,1.3,0.92
540750,"IEX","A",418.7,3.75,0.92
509486,"CAPRIHANS","X",165,1.45,0.91
540376,"DMART","A",3363.6,30.1,0.91
524109,"KABRAEXTRU","B",208.3,1.85,0.9
526043,"POLYCHMP","X",59.5,0.5,0.9
530499,"AKCAPIT","X",504,4.35,0.9
538891,"MCLOUD","X",67.7,0.6,0.9
500674,"SANOFI","A",8040,70.55,0.89
500878,"CEATLTD","A",1477.2,12.75,0.89
538961,"GENUSPAPER","B",12.84,0.11,0.89
541450,"ADANIGREEN","T",1020,8.9,0.89
500211,"INSILCO","XT",8.15,0.07,0.88
526725,"SANDESH","B",959.2,8.05,0.88
532783,"DAAWAT","A",81.2,0.7,0.88
539800,"CHDCHEM","T",9.56,0.08,0.88
541972,"SETFSN50","B",461.99,4,0.88
532873,"HDIL","Z",5.95,0.05,0.87
501833,"CHOWGULSTM","XT",8.53,0.07,0.86
506687,"TRANSPEK","X",1939,16.25,0.86
511601,"YASHMGM","X",10.85,0.09,0.86
531112,"BALUFORGE","XT",252,2.15,0.86
542066,"ATGL","T",915,7.7,0.86
543283,"BARBEQUE","B",933.7,7.8,0.86
500575,"VOLTAS","A",1061.35,8.85,0.85
532365,"DSSL","B",156.95,1.3,0.85
537536,"DENISCHEM","X",54.75,0.45,0.85
539837,"RPEL","B",508.9,4.25,0.85
500488,"ABBOTINDIA","A",17600,145.9,0.84
524156,"TCMLMTD","X",66.9,0.55,0.84
533333,"FCL","B",97.95,0.8,0.84
538537,"OMANSH","XT",1.24,0.01,0.84
542725,"SBC","M",42.15,0.35,0.84
500113,"SAIL","A",128.45,1.05,0.83
532944,"ONMOBILE","B",147.5,1.2,0.83
500410,"ACC","A",2135,17.25,0.82
500875,"ITC","A",209.7,1.7,0.82
508486,"HAWKINCOOK","A",5965,48.3,0.82
516064,"ARROWGREEN","T",157.4,1.25,0.82
531281,"PGINDST","XT",5,0.04,0.82
541019,"HGINFRA","A",506.3,4.05,0.82
513528,"GLITTEKG","XT",2.6,0.02,0.81
520123,"ABCINDQ","X",94,0.75,0.81
530459,"VALSONQ","X",19.1,0.15,0.81
532721,"VISASTEEL","T",10.24,0.08,0.81
532754,"GMRINFRA","A",31.45,0.25,0.81
517385,"SYMPHONY","A",1083.4,8.55,0.8
523792,"MAZDALTD","B",623,4.9,0.8
524703,"SANDUPHQ","X",58,0.45,0.8
590024,"FACT","B",142,1.1,0.8
523489,"CMMHOSP","XT",14.69,0.11,0.79
533638,"FLEXITUFF","T",26.6,0.2,0.79
539378,"SML","XT",31.75,0.25,0.79
539527,"CREATIVE","X",358.8,2.8,0.79
539597,"JSLHISAR","A",232.25,1.8,0.79
542919,"ARTEMISMED","T",359.9,2.75,0.78
500271,"MFSL","A",1089.75,8.15,0.77
504036,"HIRECT","B",174.4,1.3,0.77
523144,"MEDICAPQ","X",47.8,0.35,0.77
524280,"KOPRAN","T",235.7,1.75,0.77
530915,"JRFOODS","XT",5.45,0.04,0.77
500084,"CESC","A",846.05,6.3,0.76
517334,"MOTHERSUMI","A",244.95,1.85,0.76
532443,"CERA","A",4503.25,33.8,0.76
532726,"GALLANTT","B",80.8,0.6,0.76
540133,"ICICIPRULI","A",630.15,4.75,0.76
500170,"GTNINDS","X",21.05,0.15,0.75
524715,"SUNPHARMA","A",695.45,5.15,0.75
535601,"SREEL","B",193,1.4,0.75
523283,"SUPERHOUSE","B",167.05,1.2,0.74
539658,"TEAMLEASE","A",3872.6,28.4,0.74
539787,"HCG","A",246.55,1.75,0.74
500055,"TATASTLBSL","B",90.4,0.65,0.73
515030,"ASAHIINDIA","A",386.65,2.75,0.73
505681,"BIMETAL","X",450,3.15,0.72
526117,"SHERVANI","X",309.9,2.2,0.72
532439,"OLECTRA","T",249,1.75,0.72
532922,"EDELWEISS","A",93.5,0.65,0.72
541770,"CREDITACC","A",757.7,5.3,0.72
507912,"LKPFIN","X",118,0.8,0.71
531814,"TIRSARJ","X",7.29,0.05,0.7
539767,"MNIL","X",8.9,0.06,0.7
531335,"ZYDUSWELL","A",2287.8,15.35,0.69
532811,"AHLUCONT","A",403.25,2.75,0.69
539287,"ORTINLAABS","B",37.7,0.25,0.69
539399,"BELLACASA","B",137.85,0.9,0.69
531633,"LINCOPH","A",371.95,2.5,0.68
541304,"INDOUS","M",64.2,0.4,0.68
542760,"SWSOLAR","A",287,1.9,0.68
537785,"RACE","M",227,1.5,0.67
500650,"EXCELINDUS","A",1249.1,8.05,0.66
503811,"SIYSIL","B",424.95,2.7,0.66
508933,"AYMSYNTEX","B",86.9,0.55,0.66
539523,"ALKEM","A",3603.3,22,0.66
517467,"MARSONS","Z",9.65,0.06,0.65
530973,"ALFAICA","XT",32,0.2,0.65
532509,"SUPRAJIT","A",319.6,2.05,0.65
500182,"HEROMOTOCO","A",2909.65,18.55,0.64
500411,"THERMAX","A",1446.5,9.1,0.64
500102,"BALLARPUR","Z",1.63,0.01,0.63
526971,"DHOOTIN","X",81.4,0.5,0.63
531439,"GOLDTECH","B",12.86,0.08,0.63
541403,"DOLLAR","A",321.3,2,0.63
500117,"DCW","B",41.7,0.25,0.62
500228,"JSWSTEEL","A",707.3,4.3,0.62
500510,"LT","A",1622.2,10.05,0.62
505712,"HIMTEK","X",119.75,0.7,0.61
506285,"BAYERCROP","A",6079.95,36.15,0.61
513519,"PITTIENG","B",152.5,0.9,0.61
526407,"RPIL","X",100.4,0.6,0.61
542802,"GALACTICO","M",83,0.5,0.61
500086,"EXIDEIND","A",184.65,1.1,0.6
501700,"INDIANVSH","XT",17.4,0.1,0.6
532714,"KEC","A",420.4,2.5,0.6
532955,"RECLTD","A",152.6,0.9,0.6
533306,"SUMMITSEC","B",663.3,3.9,0.6
539428,"TEJNAKSH","B",78,0.45,0.6
539636,"PRECAM","B",93.5,0.55,0.6
540777,"HDFCLIFE","A",702,4.15,0.6
512393,"SHARDUL","X",69.9,0.4,0.59
526721,"NICCOPAR","XT",44.2,0.25,0.59
539516,"HDFCNIFETF","B",170.51,1,0.59
500039,"BANCOINDIA","B",165.75,0.95,0.58
505729,"SINGER","X",70,0.4,0.58
522241,"MMFL","B",758.45,4.3,0.58
526137,"SHETR","X",35.9,0.2,0.58
533001,"SOMICONV","B",60.95,0.35,0.58
539031,"SETFBSE100","B",170.99,0.98,0.58
514167,"GANECOS","B",515,2.9,0.57
540704,"MATRIMONY","B",1119.8,6.3,0.57
509966,"VSTIND","A",3567.45,19.8,0.56
516022,"STARPAPER","B",164.7,0.9,0.56
522017,"FLUIDOM","X",146,0.8,0.56
532513,"TVSELECT","B",202.8,1.1,0.56
532652,"KTKBANK","A",63.2,0.35,0.56
530239,"SUVEN","A",91.8,0.5,0.55
532321,"CADILAHC","A",645.65,3.5,0.55
532477,"UNIONBANK","A",36.75,0.2,0.55
501430,"BOMBCYC","X",717.9,3.7,0.54
531592,"GENPHARMA","X",9.7,0.05,0.54
532041,"HINDBIO","XT",3.85,0.02,0.54
532687,"REPRO","B",367.7,1.95,0.54
539980,"ICICIMCAP","B",96.59,0.52,0.54
520155,"STARLOG","X",9.78,0.05,0.53
523642,"PIIND","A",2997.9,15.8,0.53
524129,"VINYLINDIA","B",164,0.85,0.53
530367,"NRBBEARING","A",144.5,0.75,0.53
539018,"BEEKAY","X",389.2,2,0.53
530951,"RAMINFO","X",48.7,0.25,0.52
531548,"SOMANYCERA","T",680,3.5,0.52
532735,"RSYSTEMINT","A",179,0.9,0.52
532738,"TANTIACONS","Z",10,0.05,0.52
540787,"ICICIB22","B",40.68,0.21,0.52
505196,"TIL","T",192.9,0.95,0.51
526423,"KRITIIND","X",122.9,0.6,0.51
526468,"EUROLED","XT",14.3,0.07,0.51
533704,"ESSARSHPNG","T",12.14,0.06,0.51
538734,"CEINSYSTECH","B",163.5,0.8,0.51
500241,"KIRLOSBROS","T",485.9,2.4,0.5
539517,"SXETF","B",576.7,2.82,0.5
508869,"APOLLOHOSP","A",3786,18.4,0.49
524480,"RIDDHI","XT",359.95,1.7,0.49
532460,"PONNIERODE","B",308.1,1.5,0.49
534425,"SPECIALITY","B",73,0.35,0.49
539956,"TAALENT","X",713,3.4,0.49
543292,"ICICIPHARM","B",89.89,0.44,0.49
524019,"KINGFA","B",1250.45,5.85,0.48
524570,"PODARPIGQ","B",317.25,1.5,0.48
543219,"ICICIALPLV","B",162.19,0.77,0.48
532733,"SUNTV","A",539.9,2.5,0.47
532980,"GOKUL","B",33,0.15,0.47
542285,"AXITA","M",34.85,0.15,0.47
516030,"YASHPAKKA","X",91,0.4,0.46
522005,"AUSTENG","X",66.8,0.3,0.46
531644,"TOKYOFIN","X",11.45,0.05,0.46
532483,"CANBK","A",152.15,0.7,0.46
533022,"20MICRONS","B",69.35,0.3,0.46
500212,"IFSL","XT",47,0.2,0.45
500770,"TATACHEM","A",785.4,3.5,0.45
514450,"MHLXMIRU","X",68,0.3,0.45
532521,"PALRED","B",115.9,0.5,0.45
532636,"IIFL","T",272.5,1.2,0.45
532941,"CORDSCABLE","B",69.4,0.3,0.45
533023,"WABCOINDIA","A",7400.05,33.2,0.45
570004,"JISLDVREQS","T",23.2,0.1,0.45
590115,"MOM50","B",158.35,0.7,0.45
500233,"KAJARIACER","A",1007.65,4.4,0.44
523694,"APCOTEXIND","A",324.4,1.4,0.44
532734,"GPIL","T",1430,6.25,0.44
541309,"IPRU3095","B",13.61,0.06,0.44
532140,"MOHITE","X",19.15,0.08,0.43
532720,"M&MFIN","A",163.2,0.7,0.43
505850,"MANCREDIT","X",60.9,0.25,0.42
531289,"NATFIT","XT",62,0.25,0.42
532622,"GDL","T",287.75,1.2,0.42
532880,"OMAXE","A",96.05,0.4,0.42
538835,"INTELLECT","A",809.9,3.25,0.42
540025,"ADVENZYMES","A",418.55,1.75,0.42
543274,"RTL","M",676.9,2.7,0.42
500104,"HINDPETRO","A",270.85,1.1,0.41
500680,"PFIZER","A",5709.35,22.95,0.41
508989,"NAVNETEDUL*","A",101.05,0.4,0.41
509423,"SEL","XT",25.5,0.1,0.41
530117,"PRIVISCL","A",1410.05,5.55,0.41
532343,"TVSMOTOR","A",615.4,2.5,0.41
532893,"VTMLTD","X",37.8,0.15,0.41
540565,"INDIGRID","IF",137.14,0.56,0.41
500087,"CIPLA","A",989.95,3.85,0.4
500449,"HOCL","B",38,0.15,0.4
526301,"MEDINOV","XT",37.5,0.15,0.4
530077,"FRSHTRP","X",128.9,0.5,0.4
533151,"DBCORP","A",114.2,0.45,0.4
541313,"ICICI500","B",229.9,0.9,0.4
500380,"JKLAKSHMI","A",660.55,2.55,0.39
509635,"HINDCOMPOS","B",345,1.3,0.39
523398,"JCHAC","A",2320,8.85,0.39
524632,"SHUKRAPHAR","XT",66.95,0.25,0.39
532741,"KAMDHENU","B",185,0.7,0.39
532952,"NAHARCAP","B",230.4,0.85,0.39
500193,"HLVLTD","B",10.74,0.04,0.38
500336,"SURYAROSNI","A",547.75,2.05,0.38
539336,"GUJGAS","A",685,2.6,0.38
541276,"HARDWYN","M",54,0.2,0.38
500339,"RAIN","A",234.8,0.85,0.37
506405,"DHARAMSI","X",375,1.35,0.37
511559,"TIMESGTY","B",55.6,0.2,0.37
513434,"TATAMETALI","A",1290.05,4.65,0.37
533573,"APLLTD","A",992,3.55,0.37
540268,"DHANVARSHA","X",792,2.85,0.37
542034,"SMGOLD","B",107.55,0.4,0.37
500174,"GLFL","B",2.85,0.01,0.36
500307,"NIRLON","A",296,1.05,0.36
526775,"VALIANT","X",71.2,0.25,0.36
532751,"EASUNREYRL","Z",2.92,0.01,0.36
532985,"KTKSENSEX","B",556.9,2,0.36
532927,"ECLERX","T",2264.25,7.8,0.35
590104,"JUNIORBEES","B",410.5,1.42,0.35
500144,"FINCABLES","A",541.8,1.8,0.34
500147,"COCKERILL","X",949.95,3.2,0.34
500570,"TATAMOTORS","A",315.4,1.05,0.34
509480,"BERGEPAINT","A",853.1,2.85,0.34
513063,"TRANSFRE","XT",12.24,0.04,0.34
533644,"UJAAS","T",3.04,0.01,0.34
539032,"FRASER","X",8.9,0.03,0.34
542867,"CSBBANK","A",368,1.2,0.34
500249,"KSB","A",1082,3.5,0.33
500458,"KORE","XT",3.19,0.01,0.33
500820,"ASIANPAINT","A",3009.5,9.9,0.33
507685,"WIPRO","A",589,1.9,0.33
531599,"FDC","A",388.3,1.25,0.33
539883,"PILANIINVS","A",2019.5,6.65,0.33
509567,"GOACARBON","T",403.7,1.25,0.32
522122,"VOITHPAPR","X",1218,3.8,0.32
523385,"NILKAMAL","A",2538.95,8,0.32
524735,"HIKAL","A",526.75,1.65,0.32
531307,"RRIL","XT",12.8,0.04,0.32
532339,"COMPUSOFT","T",16,0.05,0.32
533286,"MOIL","A",191.1,0.6,0.32
517059,"SALZER","B",184,0.55,0.31
523369,"DCMSRMIND","X",458,1.4,0.31
532424,"GODREJCP","A",959.45,2.95,0.31
539986,"COMSYN","B",145,0.45,0.31
543271,"JUBLINGREA","B",573.15,1.75,0.31
543279,"SURYODAY","B",211.85,0.65,0.31
502450,"SESHAPAPER","A",218.65,0.65,0.3
522257,"RAJOOENG","X",35.5,0.1,0.3
524230,"RCF","A",86.2,0.25,0.3
532928,"TRIL","B",34.2,0.1,0.3
541556,"RITES","A",289,0.85,0.3
505744,"FMGOETZE","A",313.95,0.9,0.29
506260,"ANUHPHR","X",142,0.4,0.29
516032,"SARDAPPR","XT",3.41,0.01,0.29
521163,"ZODIACLOTH","B",143.55,0.4,0.29
532459,"FAZE3AUTO","X",105,0.3,0.29
532522,"PETRONET","A",222.15,0.65,0.29
500058,"BIHSPONG","XT",11.05,0.03,0.28
506401,"DEEPAKNI","A",1974,5.45,0.28
521064,"TRIDENT","A",18.1,0.05,0.28
532155,"GAIL","A",145.1,0.4,0.28
506879,"GUJTHEM","X",392.75,1.05,0.27
519091,"TASTYBIT","A",19399.85,50.8,0.27
531802,"PRERINFRA","X",20,0.05,0.27
532529,"NDTV","B",76.8,0.2,0.27
540596,"ERIS","A",790,2.05,0.27
500124,"DRREDDY","A",5450.3,14.25,0.26
500407,"SWARAJENG","A",1783.2,4.65,0.26
504614,"SARDAEN","T",655,1.7,0.26
515008,"MODINSU","XT",60.55,0.15,0.26
532380,"BABA","XT",20.5,0.05,0.26
532413,"CEREBRAINT","B",60,0.15,0.26
535566,"KIFS","X",39,0.1,0.26
539235,"GPL","X",195,0.5,0.26
506767,"ALKYLAMINE","A",3822.5,9.3,0.25
509079,"GUFICBIO","B",187.05,0.45,0.25
524520,"KMCSHIL","X",40.75,0.1,0.25
532335,"AMBICAAGAR","B",20.85,0.05,0.25
505141,"SCOOTER","T",42.4,0.1,0.24
507998,"SIMMOND","X",42.2,0.1,0.24
523373,"MINID","XT",4.2,0.01,0.24
523411,"ADCINDIA","X",276.5,0.65,0.24
526299,"MPHASIS","A",2422.05,5.65,0.24
532987,"RBL","B",1090.9,2.6,0.24
540702,"LASA","B",87.1,0.2,0.24
508963,"STRLGUA","XT",4.5,0.01,0.23
509020,"RUCHINFRA","T",8.8,0.02,0.23
538772,"NIYOGIN","X",88.5,0.2,0.23
543243,"EQUITASBNK","B",67.2,0.15,0.23
500429,"UNIPHOS","B",140,0.3,0.22
506690,"UNICHEMLAB","A",340,0.75,0.22
517554,"NHCFOODS","X",9.15,0.02,0.22
524542,"SUKHJITS","X",260.9,0.55,0.22
532485,"BLIL","B",489.85,1.05,0.22
532827,"PAGEIND","A",33480,73.5,0.22
540755,"GICRE","A",191.2,0.4,0.22
543257,"IRFC","B",23.55,0.05,0.22
543311,"IPL","B",345,0.75,0.22
500547,"BPCL","A",450.6,0.95,0.21
517168,"SUBROS","A",339.1,0.7,0.21
522064,"HONDAPOWER","A",1234.1,2.6,0.21
530163,"KERALAYUR","X",72.75,0.15,0.21
530313,"KIMIABL","X",47.9,0.1,0.21
539470,"SHREEGANES","X",119,0.25,0.21
542724,"EARUM","M",72.75,0.15,0.21
522034,"SHANTIGEAR","B",154.9,0.3,0.2
524208,"AARTIIND","A",861,1.75,0.2
524522,"LAFFANSQ","X",25.2,0.05,0.2
532730,"SGL","B",15,0.03,0.2
539216,"GARMNTMNTR","B",130.75,0.25,0.2
540727,"POOJA","M",25.25,0.05,0.2
500133,"ESABINDIA","A",1953.4,3.7,0.19
532486,"POKARNA","B",379.5,0.7,0.19
532524,"PTC","A",104.75,0.2,0.19
533271,"ASHOKA","A",111.8,0.2,0.19
541540,"SOLARA","A",1681.4,3.15,0.19
500790,"NESTLEIND","A",17714.7,31.3,0.18
526227,"FILATEX","B",114.4,0.2,0.18
532779,"TORNTPOWER","A",484.35,0.85,0.18
514394,"AJIL","Z",29,0.05,0.17
532819,"MINDTREE","A",2746.4,4.6,0.17
535667,"IFINSEC","XT",11.84,0.02,0.17
543210,"AARTISURF","B",1400,2.3,0.17
500413,"THOMASCOOK","A",63,0.1,0.16
504258,"LAKSELEC","X",432.95,0.7,0.16
511714,"NIMBSPROJ","XT",31.7,0.05,0.16
531737,"GREENCREST","X",6.38,0.01,0.16
532828,"AMDIND","B",32,0.05,0.16
522001,"CRANEX","X",13.7,0.02,0.15
530215,"KINGSINFR","X",35.85,0.05,0.15
532181,"GMDCLTD","A",69.2,0.1,0.15
535276,"SBISENSEX","B",559.99,0.85,0.15
506222,"INEOSSTYRO","B",1443.3,2.05,0.14
530343,"GENUSPOWER","B",73.9,0.1,0.14
536493,"JK AGRI","XT",869,1.2,0.14
539148,"SHIVALIK","X",960,1.3,0.14
500128,"ELECTCAST","B",38.15,0.05,0.13
513023,"NBVENTURES*","A",117.8,0.15,0.13
526947,"LAOPALA","A",277.05,0.35,0.13
539784,"LICNFNHGP","B",164.35,0.21,0.13
540198,"OSIAJEE","X",39.85,0.05,0.13
541578,"VARROC","A",356,0.45,0.13
542131,"MAN50ETF","B",166.65,0.22,0.13
505714,"GABRIEL","A",131.9,0.15,0.12
517569,"KEI","A",719.65,0.8,0.11
530233,"AUROLAB","X",184.6,0.2,0.11
532290,"BLBLIMITED","B",9.74,0.01,0.11
532689,"PVR","A",1377,1.55,0.11
538057,"CPSEETF","B",26.28,0.03,0.11
543246,"MAESGETF","B",27.15,0.03,0.11
512175,"VAMA","X",10,0.01,0.1
517421,"BUTTERFLY","T",788,0.75,0.1
524816,"NATCOPHARM","A",1113,1.15,0.1
500418,"TOKYOPLAST","B",114.6,0.1,0.09
500696,"HINDUNILVR","A",2429,2.1,0.09
530549,"SHILPAMED","A",618.5,0.55,0.09
540935,"GALAXYSURF","A",3165.85,2.8,0.09
500180,"HDFCBANK","A",1530,1.2,0.08
500444,"WSTCSTPAPR","A",264.2,0.2,0.08
506618,"PUNJABCHEM","B",1445.85,1.1,0.08
512070,"UPL","A",852.5,0.65,0.08
523630,"NFL","A",63.75,0.05,0.08
524494,"IPCALAB","A",2114.95,1.75,0.08
533398,"MUTHOOTFIN","A",1581.15,1.3,0.08
541195,"MIDHANI","A",201.3,0.15,0.08
500338,"PRSMJOHNSN","A",142.4,0.1,0.07
500870,"CASTROLIND","A",144.15,0.1,0.07
524091,"ACRYSIL","B",642,0.4,0.07
527001,"ASHAPURMIN","T",145.5,0.1,0.07
533576,"VASWANI","B",14.8,0.01,0.07
537291,"NATHBIOGEN","A",381,0.25,0.07
541729,"HDFCAMC","A",3289.25,2.25,0.07
590086,"ORISSAMINE","B",3280,2.15,0.07
500068,"DISAQ","X",5400,3.35,0.06
524717,"TITANBIO","X",350,0.2,0.06
541988,"AAVAS","A",2915,1.65,0.06
502175,"SAURASHCEM","X",98,0.05,0.05
517417,"PATELSAI","X",214.8,0.1,0.05
532400,"BSOFT","A",434.4,0.2,0.05
537007,"ICICINIFTY","B",170.69,0.09,0.05
539201,"SATIA","A",110.8,0.05,0.05
540679,"SMSLIFE","B",757,0.35,0.05
505509,"RESPONIND","A",138.4,0.05,0.04
506734,"MYSORPETRO","X",119.7,0.05,0.04
509525,"EMPIND","X",919.8,0.35,0.04
533179,"PERSISTENT","A",2915,1.25,0.04
540749,"MASFIN","A",898,0.35,0.04
543261,"BIRET","IF",267.39,0.11,0.04
590103,"NIFTYBEES","B",171.83,0.07,0.04
501301,"TATAINVEST","A",1179.95,0.35,0.03
502157,"MANGLMCEM","A",400.3,0.1,0.03
530005,"INDIACEM","A",195.85,0.05,0.03
540180,"VBL","A",800,0.25,0.03
500034,"BAJFINANCE","A",6190.95,1.1,0.02
539874,"UJJIVAN","A",246.2,0.05,0.02
542011,"GRSE","A",204,0.05,0.02
500247,"KOTAKBANK","A",1761.9,0.25,0.01